ID,Category,English,Standard Male' - Latin,Standard Male' - Thaana,Benchmark - Latin,Benchmark - Thaana,Nilandhoo - Latin,Nilandhoo - Thaana,Bileiydhoo - Latin,Bileiydhoo - Thaana,Dharanboodhoo - Latin,Dharanboodhoo - Thaana,Feeali - Latin,Feeali - Thaana,Magoodhoo - Latin,Magoodhoo - Thaana,Notes
SW100-001,Quantitatives,all,Hurihaa,ހުރިހާ,Hurihaa,ހުރިހާ,,,,,,,,,,,
SW100-002,Natural Objects & Phenomena,ashes,Alhi,އަޅި,Alhi,އަޅި,,,,,,,,,,,
SW100-003,Plants & Plant Parts,bark,Thoshi,ތޮށި,Thoshi,ތޮށި,,,,,,,,,,,
SW100-004,Body Parts & Substances,belly,Bandu,ބަނޑު,Bandu,ބަނޑު,,,,,,,,,,,
SW100-005,Size,big,Bodu,ބޮޑު,Bodu,ބޮޑު,,,,,,,,,,,
SW100-006,Animals,bird,Dhooni,ދޫނި,Dhooni,ދޫނި,,,,,,,,,,,
SW100-007,Body Sensations & Activities,bite,Dhaigathun / Dhaielhun,ދައިގަތުން / ދަތްއެޅުން,Dhaigathun / Dhaielhun,ދައިގަތުން / ދަތްއެޅުން,,,,,,,,,,,
SW100-008,Colors,black,Kalhu,ކަޅު,Kalhu,ކަޅު,,,,,,,,,,,
SW100-009,Body Parts & Substances,blood,Ley,ލޭ,Ley,ލޭ,,,,,,,,,,,
SW100-010,Body Parts & Substances,bone,Kashi,ކަށި,Kashi,ކަށި,,,,,,,,,,,
SW100-011,Body Parts & Substances,-,-,-,-,-,,,,,,,,,,,
SW100-012,Miscellaneous,burn,Endhun,އެނދުން,Endhun,އެނދުން,,,,,,,,,,,
SW100-013,Body Parts & Substances,claw,Niyafai,ނިޔަފަތް,Niyafai,ނިޔަފަތް,,,,,,,,,,,
SW100-014,Natural Objects & Phenomena,cloud,Vilaa,ވިލާ,Vilaa,ވިލާ,,,,,,,,,,,
SW100-015,Descriptives,cold,Fini,ފިނި,Fini,ފިނި,,,,,,,,,,,
SW100-016,Position & Movement,come,Aun / Aadhey,އައުން / އާދޭ,Aun / Aadhey,އައުން / އާދޭ,,,,,,,,,,,
SW100-017,Body Sensations & Activities,die,Maruvun,މަރުވުން,Maruvun,މަރުވުން,,,,,,,,,,,
SW100-018,Animals,dog,Balhu / Kuthaa,ބަޅު / ކުއްތާ,Balhu / Kuthaa,ބަޅު / ކުއްތާ,,,,,,,,,,,
SW100-019,Body Sensations & Activities,drink,Buin,ބުއިން,Buin,ބުއިން,,,,,,,,,,,
SW100-020,Descriptives,dry,Hiki,ހިކި,Hiki,ހިކި,,,,,,,,,,,
SW100-021,Body Parts & Substances,ear,Kanfai,ކަންފަތް,Kanfai,ކަންފަތް,,,,,,,,,,,
SW100-022,Natural Objects & Phenomena,earth,Dhuniye,ދުނިޔެ,Dhuniye,ދުނިޔެ,,,,,,,,,,,
SW100-023,Body Sensations & Activities,eat,Keun,ކެއުން,Keun,ކެއުން,,,,,,,,,,,
SW100-024,Body Parts & Substances,egg,Bis,ބިސް,Bis,ބިސް,,,,,,,,,,,
SW100-025,Body Parts & Substances,eye,Loa,ލޯ,Loa,ލޯ,,,,,,,,,,,
SW100-026,Body Parts & Substances,fat (grease),Sarubee,ސަރުބީ,Sarubee,ސަރުބީ,,,,,,,,,,,
SW100-027,Body Parts & Substances,feather,Dhoonifai,ދޫނިފަތް,Dhoonifai,ދޫނިފަތް,,,,,,,,,,,
SW100-028,Natural Objects & Phenomena,fire,Alifaan,އަލިފާން,Alifaan,އަލިފާން,,,,,,,,,,,
SW100-029,Animals,fish,Mas,މަސް,Mas,މަސް,,,,,,,,,,,
SW100-030,Position & Movement,fly,Udhuhun,އުދުހުން,Udhuhun,އުދުހުން,,,,,,,,,,,
SW100-031,Body Parts & Substances,foot,Faithila,ފައިތިލަ,Faithila,ފައިތިލަ,,,,,,,,,,,
SW100-032,Quantitatives,full,Furifai,ފުރިފައި,Furifai,ފުރިފައި,,,,,,,,,,,
SW100-033,Position & Movement,give,Dhinun,ދިނުން,Dhinun,ދިނުން,,,,,,,,,,,
SW100-034,Descriptives,good,Rangalhu,ރަނގަޅު,Rangalhu,ރަނގަޅު,,,,,,,,,,,
SW100-035,Colors,green,Fehi,ފެހި,Fehi,ފެހި,,,,,,,,,,,
SW100-036,Body Parts & Substances,hair,Isthashi,އިސްތަށި,Isthashi,އިސްތަށި,,,,,,,,,,,
SW100-037,Body Parts & Substances,hand,Ai,އަތް,Ai,އަތް,,,,,,,,,,,
SW100-038,Body Parts & Substances,head,Boa,ބޯ,Boa,ބޯ,,,,,,,,,,,
SW100-039,Body Sensations & Activities,hear,Ivun,އިވުން,Ivun,އިވުން,,,,,,,,,,,
SW100-040,Body Parts & Substances,heart,Hih,ހިތް,Hih,ހިތް,,,,,,,,,,,
SW100-041,Body Parts & Substances,horn,Dhalhu,ދަޅު,Dhalhu,ދަޅު,,,,,,,,,,,
SW100-042,Personal Pronouns,I,Aharen / Ma / Alhugandu,އަހަރެން‎ / މަ / އަޅުގަނޑު,Aharen / Ma / Alhugandu,އަހަރެން‎ / މަ / އަޅުގަނޑު,,,,,,,,,,,
SW100-043,Miscellaneous,kill,Merun,މެރުން,Merun,މެރުން,,,,,,,,,,,
SW100-044,Body Parts & Substances,knee,Kakoo,ކަކޫ,Kakoo,ކަކޫ,,,,,,,,,,,
SW100-045,Body Sensations & Activities,know,Engun,އެނގުން,Engun,އެނގުން,,,,,,,,,,,
SW100-046,Plants & Plant Parts,leaf,Fai,ފަތް,Fai,ފަތް,,,,,,,,,,,
SW100-047,Position & Movement,lie,Oshoathun,އޮށޯތުން,Oshoathun,އޮށޯތުން,,,,,,,,,,,
SW100-048,Body Parts & Substances,liver,Meygandu,މޭގަނޑު,Meygandu,މޭގަނޑު,,,,,,,,,,,
SW100-049,Size,long,Dhigu,ދިގު,Dhigu,ދިގު,,,,,,,,,,,
SW100-050,Animals,louse,Ukunu,އުކުނު,Ukunu,އުކުނު,,,,,,,,,,,
SW100-051,Persons,man,Meehaa,މީހާ,Meehaa,މީހާ,,,,,,,,,,,
SW100-052,Quantitatives,many,Baivaru,ބައިވަރު,Baivaru,ބައިވަރު,,,,,,,,,,,
SW100-053,Body Parts & Substances,meat (flesh),Mas,މަސް,Mas,މަސް,,,,,,,,,,,
SW100-054,Natural Objects & Phenomena,moon,Handhu,ހަނދު,Handhu,ހަނދު,,,,,,,,,,,
SW100-055,Natural Objects & Phenomena,mountain,Farubadha,ފަރުބަދަ,Farubadha,ފަރުބަދަ,,,,,,,,,,,
SW100-056,Body Parts & Substances,mouth,Anga,އަނގަ,Anga,އަނގަ,,,,,,,,,,,
SW100-057,Miscellaneous,name,Nan,ނަން,Nan,ނަން,,,,,,,,,,,
SW100-058,Body Parts & Substances,neck,Karu,ކަރު,Karu,ކަރު,,,,,,,,,,,
SW100-059,Descriptives,new,Aa / Au,އާ / އައު,Aa / Au,އާ / އައު,,,,,,,,,,,
SW100-060,Time Periods,night,Reygandu,ރޭގަނޑު,Reygandu,ރޭގަނޑު,,,,,,,,,,,
SW100-061,Body Parts & Substances,nose,Neyfai,ނޭފަތް,Neyfai,ނޭފަތް,,,,,,,,,,,
SW100-062,Miscellaneous,not,Noon,ނޫން,Noon,ނޫން,,,,,,,,,,,
SW100-063,Numerals,one,Ekeh,އެކެއް,Ekeh,އެކެއް,,,,,,,,,,,
SW100-064,Persons,person (human being),Meehaa,މީހާ,Meehaa,މީހާ,,,,,,,,,,,
SW100-065,Natural Objects & Phenomena,rain,Vaarey,ވާރޭ,Vaarey,ވާރޭ,,,,,,,,,,,
SW100-066,Colors,red,Rai,ރަތް,Rai,ރަތް,,,,,,,,,,,
SW100-067,Miscellaneous,road (path),Magu,މަގު,Magu,މަގު,,,,,,,,,,,
SW100-068,Plants & Plant Parts,root,Moo,މޫ,Moo,މޫ,,,,,,,,,,,
SW100-069,Descriptives,round,Vah,ވަށް,Vah,ވަށް,,,,,,,,,,,
SW100-070,Natural Objects & Phenomena,sand,Veli,ވެލި,Veli,ވެލި,,,,,,,,,,,
SW100-071,Oral Activities,say,Bunun,ބުނުން,Bunun,ބުނުން,,,,,,,,,,,
SW100-072,Body Sensations & Activities,see,Belun,ބެލުން,Belun,ބެލުން,,,,,,,,,,,
SW100-073,Plants & Plant Parts,seed,Oh,އޮށް,Oh,އޮށް,,,,,,,,,,,
SW100-074,Position & Movement,sit,Isheenun,އިށީނުން,Isheenun,އިށީނުން,,,,,,,,,,,
SW100-075,Body Parts & Substances,skin,Han,ހަން,Han,ހަން,,,,,,,,,,,
SW100-076,Body Sensations & Activities,sleep,Nidhun,ނިދުން,Nidhun,ނިދުން,,,,,,,,,,,
SW100-077,Size,small,Kuda,ކުޑަ,Kuda,ކުޑަ,,,,,,,,,,,
SW100-078,Natural Objects & Phenomena,smoke,Dhun,ދުން,Dhun,ދުން,,,,,,,,,,,
SW100-079,Position & Movement,stand,Kolhahurun,ކޮޅައްހުރުން,Kolhahurun,ކޮޅައްހުރުން,,,,,,,,,,,
SW100-080,Natural Objects & Phenomena,star,Thari,ތަރި,Thari,ތަރި,,,,,,,,,,,
SW100-081,Natural Objects & Phenomena,stone,Gaa,ގާ,Gaa,ގާ,,,,,,,,,,,
SW100-082,Natural Objects & Phenomena,sun,Iru,އިރު,Iru,އިރު,,,,,,,,,,,
SW100-083,Position & Movement,swim,Fethun,ފެތުން,Fethun,ފެތުން,,,,,,,,,,,
SW100-084,Body Parts & Substances,tail,Nagoo / Nigoo,ނަގޫ / ނިގޫ,Nagoo / Nigoo,ނަގޫ / ނިގޫ,,,,,,,,,,,
SW100-085,Location & Deixis,that,E,އެ,E,އެ,,,,,,,,,,,
SW100-086,Location & Deixis,this,Mi,މި,Mi,މި,,,,,,,,,,,
SW100-087,Personal Pronouns,thou,Kaley / Kalaa / Thibeyfulhaa,ކަލޭ / ކަލާ / ތިބޭފުޅާ,Kaley / Kalaa / Thibeyfulhaa,ކަލޭ / ކަލާ / ތިބޭފުޅާ,,,,,,,,,,,
SW100-088,Body Parts & Substances,tongue,Dhoo,ދޫ,Dhoo,ދޫ,,,,,,,,,,,
SW100-089,Body Parts & Substances,tooth,Dhai,ދަތް,Dhai,ދަތް,,,,,,,,,,,
SW100-090,Plants & Plant Parts,tree,Gas,ގަސް,Gas,ގަސް,,,,,,,,,,,
SW100-091,Numerals,two,Dheh,ދޭއް,Dheh,ދޭއް,,,,,,,,,,,
SW100-092,Position & Movement,walk,Hingun,ހިންގުން,Hingun,ހިންގުން,,,,,,,,,,,
SW100-093,Descriptives,warm (hot),Hoonu,ހޫނެ,Hoonu,ހޫނެ,,,,,,,,,,,
SW100-094,Natural Objects & Phenomena,water,Fen,ފެން,Fen,ފެން,,,,,,,,,,,
SW100-095,Personal Pronouns,we,Aharemen / Alugandumen,އަހަރެމެން / އަލުގަނޑުމެން,Aharemen / Alugandumen,އަހަރެމެން / އަލުގަނޑުމެން,,,,,,,,,,,
SW100-096,Interrogatives,what,Konechche / Koache,ކޮންއެޗްޗެއް / ކޯއްޗެއް,Konechche / Koache,ކޮންއެޗްޗެއް / ކޯއްޗެއް,,,,,,,,,,,
SW100-097,Colors,white,Hudhu,ހުދު,Hudhu,ހުދު,,,,,,,,,,,
SW100-098,Interrogatives,who,Kaaku,ކާކު,Kaaku,ކާކު,,,,,,,,,,,
SW100-099,Persons,woman,Anhen meehaa,އަންހެން މީހާ,Anhen meehaa,އަންހެން މީހާ,,,,,,,,,,,
SW100-100,Colors,yellow,Reendhoo,ރީނދޫ,Reendhoo,ރީނދޫ,,,,,,,,,,,