ID,Category,English,Standard Male' - Latin,Standard Male' - Thaana,Benchmark - Latin,Benchmark - Thaana,Vilingili - Latin,Vilingili - Thaana,Dhaandhoo - Latin,Dhaandhoo - Thaana,Dhevvadhoo - Latin,Dhevvadhoo - Thaana,Gemanafushi - Latin,Gemanafushi - Thaana,Kanduhulhuhdoo - Latin,Kanduhulhuhdoo - Thaana,Kolamaafushi - Latin,Kolamaafushi - Thaana,Kondey - Latin,Kondey - Thaana,Maamendhoo - Latin,Maamendhoo - Thaana,Nilandhoo - Latin,Nilandhoo - Thaana,Notes
SW100-001,Quantitatives,all,Hurihaa,ހުރިހާ,Theiyehei,ތެއްޔެހެއި,Theiyehei,ތެއްޔެހެއި,,,,,,,,,,,,,,,,,
SW100-002,Natural Objects & Phenomena,ashes,Alhi,އަޅި,,,,,,,,,,,,,,,,,,,,,
SW100-003,Plants & Plant Parts,bark,Thoshi,ތޮށި,,ތޯޓު,,ތޯޓު,,,,,,,,,,,,,,,,,
SW100-004,Body Parts & Substances,belly,Bandu,ބަނޑު,Badaa,ބަޑާ,Badaa,ބަޑާ,,,,,,,,,,,,,,,,,
SW100-005,Size,big,Bodu,ބޮޑު,Bode,ބޮޑެ,Bode,ބޮޑެ,,,,,,,,,,,,,,,,,
SW100-006,Animals,bird,Dhooni,ދޫނި,Dhoonna,,Dhoonna,,,,,,,,,,,,,,,,,,
SW100-007,Body Sensations & Activities,bite,Dhaigathun / Dhaielhun,ދައިގަތުން / ދަތްއެޅުން,,ދަތެއޮޑުން,,ދަތެއޮޑުން,,,,,,,,,,,,,,,,,
SW100-008,Colors,black,Kalhu,ކަޅު,Kalhe,ކަޅެ,Kalhe,ކަޅެ,,,,,,,,,,,,,,,,,
SW100-009,Body Parts & Substances,blood,Ley,ލޭ,,,,,,,,,,,,,,,,,,,,,
SW100-010,Body Parts & Substances,bone,Kashi,ކަށި,Kantaa,ކަންޓާ,Kantaa,ކަންޓާ,,,,,,,,,,,,,,,,,
SW100-011,Body Parts & Substances,-,-,-,-,-,-,-,,,,,,,,,,,,,,,,,
SW100-012,Miscellaneous,burn,Endhun,އެނދުން,Edhaa,އެދާ,Edhaa,އެދާ,,,,,,,,,,,,,,,,,
SW100-013,Body Parts & Substances,claw,Niyafai,ނިޔަފަތް,,ނިޔަފަތާ,,ނިޔަފަތާ,,,,,,,,,,,,,,,,,
SW100-014,Natural Objects & Phenomena,cloud,Vilaa,ވިލާ,Velaa,ވެލާ,Velaa,ވެލާ,,,,,,,,,,,,,,,,,
SW100-015,Descriptives,cold,Fini,ފިނި,Fini,ފިނި,Fini,ފިނި,,,,,,,,,,,,,,,,,
SW100-016,Position & Movement,come,Aun / Aadhey,އައުން / އާދޭ,Ahafen / Ahafele/Baa,އަހަފެން / އަހަފެލެ/ބާ,Ahafen / Ahafele/Baa,އަހަފެން / އަހަފެލެ/ބާ,,,,,,,,,,,,,,,,,
SW100-017,Body Sensations & Activities,die,Maruvun,މަރުވުން,Maravege / Mareyge,މަރަވެގެ / މަރޭގެ,Maravege / Mareyge,މަރަވެގެ / މަރޭގެ,,,,,,,,,,,,,,,,,
SW100-018,Animals,dog,Balhu / Kuthaa,ބަޅު / ކުއްތާ,,,,,,,,,,,,,,,,,,,,,
SW100-019,Body Sensations & Activities,drink,Buin,ބުއިން,,,,,,,,,,,,,,,,,,,,,
SW100-020,Descriptives,dry,Hiki,ހިކި,,,,,,,,,,,,,,,,,,,,,
SW100-021,Body Parts & Substances,ear,Kanfai,ކަންފަތް,Kanahathaa,ކަނަހަތާ,Kanahathaa,ކަނަހަތާ,,,,,,,,,,,,,,,,,
SW100-022,Natural Objects & Phenomena,earth,Dhuniye,ދުނިޔެ,Dhuniyea,ދުނިޔެއަ,Dhuniyea,ދުނިޔެއަ,,,,,,,,,,,,,,,,,
SW100-023,Body Sensations & Activities,eat,Keun,ކެއުން,,,,,,,,,,,,,,,,,,,,,
SW100-024,Body Parts & Substances,egg,Bis,ބިސް,Bihe,ބިހެ,Bihe,ބިހެ,,,,,,,,,,,,,,,,,
SW100-025,Body Parts & Substances,eye,Loa,ލޯ,Lola,ލޮލަ,Lola,ލޮލަ,,,,,,,,,,,,,,,,,
SW100-026,Body Parts & Substances,fat (grease),Sarubee,ސަރުބީ,Sarebee,ސަރެބީ,Sarebee,ސަރެބީ,,,,,,,,,,,,,,,,,
SW100-027,Body Parts & Substances,feather,Dhoonifai,ދޫނިފަތް,,,,,,,,,,,,,,,,,,,,,
SW100-028,Natural Objects & Phenomena,fire,Alifaan,އަލިފާން,Alifaane,އަލިފާނެ,Alifaane,އަލިފާނެ,,,,,,,,,,,,,,,,,
SW100-029,Animals,fish,Mas,މަސް,Mahe,މަހެ,Mahe,މަހެ,,,,,,,,,,,,,,,,,
SW100-030,Position & Movement,fly,Udhuhun,އުދުހުން,,,,,,,,,,,,,,,,,,,,,
SW100-031,Body Parts & Substances,foot,Faithila,ފައިތިލަ,,,,,,,,,,,,,,,,,,,,,
SW100-032,Quantitatives,full,Furifai,ފުރިފައި,,,,,,,,,,,,,,,,,,,,,
SW100-033,Position & Movement,give,Dhinun,ދިނުން,,,,,,,,,,,,,,,,,,,,,
SW100-034,Descriptives,good,Rangalhu,ރަނގަޅު,Ragalhe,ރަގަޅެ,Ragalhe,ރަގަޅެ,,,,,,,,,,,,,,,,,
SW100-035,Colors,green,Fehi,ފެހި,Fehi,ފެހި,Fehi,ފެހި,,,,,,,,,,,,,,,,,
SW100-036,Body Parts & Substances,hair,Isthashi,އިސްތަށި,Isthataa,އިސްތަޓާ,Isthataa,އިސްތަޓާ,,,,,,,,,,,,,,,,,
SW100-037,Body Parts & Substances,hand,Ai,އަތް,Athaa,އަތާ,Athaa,އަތާ,,,,,,,,,,,,,,,,,
SW100-038,Body Parts & Substances,head,Boa,ބޯ,Bolaa,ބޮލާ,Bolaa,ބޮލާ,,,,,,,,,,,,,,,,,
SW100-039,Body Sensations & Activities,hear,Ivun,އިވުން,Ivun,އިވުން,Ivun,އިވުން,,,,,,,,,,,,,,,,,
SW100-040,Body Parts & Substances,heart,Hih,ހިތް,Hithaa,ހިތާ,Hithaa,ހިތާ,,,,,,,,,,,,,,,,,
SW100-041,Body Parts & Substances,horn,Dhalhu,ދަޅު,Dhalhe,ދަޅެ,Dhalhe,ދަޅެ,,,,,,,,,,,,,,,,,
SW100-042,Personal Pronouns,I,Aharen / Ma / Alhugandu,އަހަރެން‎ / މަ / އަޅުގަނޑު,Aike,އައިކެ,Aike,އައިކެ,,,,,,,,,,,,,,,,,
SW100-043,Miscellaneous,kill,Merun,މެރުން,Maran,,Maran,,,,,,,,,,,,,,,,,,
SW100-044,Body Parts & Substances,knee,Kakoo,ކަކޫ,Kakelaa,ކަކެލާ,Kakelaa,ކަކެލާ,,,,,,,,,,,,,,,,,
SW100-045,Body Sensations & Activities,know,Engun,އެނގުން,,,,,,,,,,,,,,,,,,,,,
SW100-046,Plants & Plant Parts,leaf,Fai,ފަތް,Fathe,ފަތެ,Fathe,ފަތެ,,,,,,,,,,,,,,,,,
SW100-047,Position & Movement,lie,Oshoathun,އޮށޯތުން,Vottiothun,ވޮއްޓިއޮތުން,Vottiothun,ވޮއްޓިއޮތުން,,,,,,,,,,,,,,,,,
SW100-048,Body Parts & Substances,liver,Meygandu,މޭގަނޑު,Meiganda,މެއިގަނޑާ,Meiganda,މެއިގަނޑާ,,,,,,,,,,,,,,,,,
SW100-049,Size,long,Dhigu,ދިގު,Dhige,ދިގެ,Dhige,ދިގެ,,,,,,,,,,,,,,,,,
SW100-050,Animals,louse,Ukunu,އުކުނު,Ukuna,އުކުނު,Ukuna,އުކުނު,,,,,,,,,,,,,,,,,
SW100-051,Persons,man,Meehaa,މީހާ,Meehaa,މީހާ,Meehaa,މީހާ,,,,,,,,,,,,,,,,,
SW100-052,Quantitatives,many,Baivaru,ބައިވަރު,Baivare,ބައިވަރެ,Baivare,ބައިވަރެ,,,,,,,,,,,,,,,,,
SW100-053,Body Parts & Substances,meat (flesh),Mas,މަސް,Mahe,މަހެ,Mahe,މަހެ,,,,,,,,,,,,,,,,,
SW100-054,Natural Objects & Phenomena,moon,Handhu,ހަނދު,Hadha,ހަދަ,Hadha,ހަދަ,,,,,,,,,,,,,,,,,
SW100-055,Natural Objects & Phenomena,mountain,Farubadha,ފަރުބަދަ,Farebadha,ފަރެބަދަ,Farebadha,ފަރެބަދަ,,,,,,,,,,,,,,,,,
SW100-056,Body Parts & Substances,mouth,Anga,އަނގަ,Aga,އަގަ,Aga,އަގަ,,,,,,,,,,,,,,,,,
SW100-057,Miscellaneous,name,Nan,ނަން,Nama,ނަމާ,Nama,ނަމާ,,,,,,,,,,,,,,,,,
SW100-058,Body Parts & Substances,neck,Karu,ކަރު,Karaa,ކަރާ,Karaa,ކަރާ,,,,,,,,,,,,,,,,,
SW100-059,Descriptives,new,Aa / Au,އާ / އައު,Ale,އަލެ,Ale,އަލެ,,,,,,,,,,,,,,,,,
SW100-060,Time Periods,night,Reygandu,ރޭގަނޑު,Reigadaa,ރެއިގަޑާ,Reigadaa,ރެއިގަޑާ,,,,,,,,,,,,,,,,,
SW100-061,Body Parts & Substances,nose,Neyfai,ނޭފަތް,Neyfathaa,ނޭފަތާ,Neyfathaa,ނޭފަތާ,,,,,,,,,,,,,,,,,
SW100-062,Miscellaneous,not,Noon,ނޫން,Nun,ނޫން,Nun,ނޫން,,,,,,,,,,,,,,,,,
SW100-063,Numerals,one,Ekeh,އެކެއް,Eken,އެކެން,Eken,އެކެން,,,,,,,,,,,,,,,,,
SW100-064,Persons,person (human being),Meehaa,މީހާ,Meeheke,މީހެކެ,Meeheke,މީހެކެ,,,,,,,,,,,,,,,,,
SW100-065,Natural Objects & Phenomena,rain,Vaarey,ވާރޭ,Vaarei,ވާރެއި,Vaarei,ވާރެއި,,,,,,,,,,,,,,,,,
SW100-066,Colors,red,Rai,ރަތް,Rathe,ރަތެ,Rathe,ރަތެ,,,,,,,,,,,,,,,,,
SW100-067,Miscellaneous,road (path),Magu,މަގު,Magaa,މަގާ,Magaa,މަގާ,,,,,,,,,,,,,,,,,
SW100-068,Plants & Plant Parts,root,Moo,މޫ,Mule,މުލެ,Mule,މުލެ,,,,,,,,,,,,,,,,,
SW100-069,Descriptives,round,Vah,ވަށް,Vate,ވަޓެ,Vate,ވަޓެ,,,,,,,,,,,,,,,,,
SW100-070,Natural Objects & Phenomena,sand,Veli,ވެލި,,,,,,,,,,,,,,,,,,,,,
SW100-071,Oral Activities,say,Bunun,ބުނުން,Bona,ބޮނަ,Bona,ބޮނަ,,,,,,,,,,,,,,,,,
SW100-072,Body Sensations & Activities,see,Belun,ބެލުން,,,,,,,,,,,,,,,,,,,,,
SW100-073,Plants & Plant Parts,seed,Oh,އޮށް,Ote,އޮޓެ,Ote,އޮޓެ,,,,,,,,,,,,,,,,,
SW100-074,Position & Movement,sit,Isheenun,އިށީނުން,,,,,,,,,,,,,,,,,,,,,
SW100-075,Body Parts & Substances,skin,Han,ހަން,Hame,ހަމެ,Hame,ހަމެ,,,,,,,,,,,,,,,,,
SW100-076,Body Sensations & Activities,sleep,Nidhun,ނިދުން,,,,,,,,,,,,,,,,,,,,,
SW100-077,Size,small,Kuda,ކުޑަ,Kudhe,ކުދެ,Kudhe,ކުދެ,,,,,,,,,,,,,,,,,
SW100-078,Natural Objects & Phenomena,smoke,Dhun,ދުން,Dhume,ދުމެ,Dhume,ދުމެ,,,,,,,,,,,,,,,,,
SW100-079,Position & Movement,stand,Kolhahurun,ކޮޅައްހުރުން,Kodanhuttun,ކޮޑަންހުޓްޓުން,Kodanhuttun,ކޮޑަންހުޓްޓުން,,,,,,,,,,,,,,,,,
SW100-080,Natural Objects & Phenomena,star,Thari,ތަރި,Tharraa,ތަރްރާ,Tharraa,ތަރްރާ,,,,,,,,,,,,,,,,,
SW100-081,Natural Objects & Phenomena,stone,Gaa,ގާ,Gale,ގަލެ,Gale,ގަލެ,,,,,,,,,,,,,,,,,
SW100-082,Natural Objects & Phenomena,sun,Iru,އިރު,Ire,އިރެ,Ire,އިރެ,,,,,,,,,,,,,,,,,
SW100-083,Position & Movement,swim,Fethun,ފެތުން,,,,,,,,,,,,,,,,,,,,,
SW100-084,Body Parts & Substances,tail,Nagoo / Nigoo,ނަގޫ / ނިގޫ,Nagilaa,ނަގިލާ,Nagilaa,ނަގިލާ,,,,,,,,,,,,,,,,,
SW100-085,Location & Deixis,that,E,އެ,Eya,އެޔާ,Eya,އެޔާ,,,,,,,,,,,,,,,,,
SW100-086,Location & Deixis,this,Mi,މި,Mi,މި,Mi,މި,,,,,,,,,,,,,,,,,
SW100-087,Personal Pronouns,thou,Kaley / Kalaa / Thibeyfulhaa,ކަލޭ / ކަލާ / ތިބޭފުޅާ,Thoa / Thoake / Tha,ތޯ / ތޯކެ / ތަ,Thoa / Thoake / Tha,ތޯ / ތޯކެ / ތަ,,,,,,,,,,,,,,,,,
SW100-088,Body Parts & Substances,tongue,Dhoo,ދޫ,Dheythella,ދޭތެލްލަ,Dheythella,ދޭތެލްލަ,,,,,,,,,,,,,,,,,
SW100-089,Body Parts & Substances,tooth,Dhai,ދަތް,Dhathe,ދަތެ,Dhathe,ދަތެ,,,,,,,,,,,,,,,,,
SW100-090,Plants & Plant Parts,tree,Gas,ގަސް,Gahe,ގަހެ,Gahe,ގަހެ,,,,,,,,,,,,,,,,,
SW100-091,Numerals,two,Dheh,ދޭއް,Dheyn,ދޭން,Dheyn,ދޭން,,,,,,,,,,,,,,,,,
SW100-092,Position & Movement,walk,Hingun,ހިންގުން,Higun,ހިގުން,Higun,ހިގުން,,,,,,,,,,,,,,,,,
SW100-093,Descriptives,warm (hot),Hoonu,ހޫނެ,Hoone,ހޫނެ,Hoone,ހޫނެ,,,,,,,,,,,,,,,,,
SW100-094,Natural Objects & Phenomena,water,Fen,ފެން,Fene,ފެނެ,Fene,ފެނެ,,,,,,,,,,,,,,,,,
SW100-095,Personal Pronouns,we,Aharemen / Alugandumen,އަހަރެމެން / އަލުގަނޑުމެން,Ahane,އަހަނެ,Ahane,އަހަނެ,,,,,,,,,,,,,,,,,
SW100-096,Interrogatives,what,Konechche / Koache,ކޮންއެޗްޗެއް / ކޯއްޗެއް,Keyntheke,ކޭންތެކެ,Keyntheke,ކޭންތެކެ,,,,,,,,,,,,,,,,,
SW100-097,Colors,white,Hudhu,ހުދު,Hudhe,ހުދެ,Hudhe,ހުދެ,,,,,,,,,,,,,,,,,
SW100-098,Interrogatives,who,Kaaku,ކާކު,Kiyaka,ކިޔަކަ,Kiyaka,ކިޔަކަ,,,,,,,,,,,,,,,,,
SW100-099,Persons,woman,Anhen meehaa,އަންހެން މީހާ,Anhene meehaa,އަންހެނެ މީހާ,Anhene meehaa,އަންހެނެ މީހާ,,,,,,,,,,,,,,,,,
SW100-100,Colors,yellow,Reendhoo,ރީނދޫ,Reedhale,ރީދަލެ,Reedhale,ރީދަލެ,,,,,,,,,,,,,,,,,