ID,Category,English,Standard Male' - Latin,Standard Male' - Thaana,Benchmark - Latin,Benchmark - Thaana,Fuvahmulah - Latin,Fuvahmulah - Thaana,Notes
SW100-001,Quantitatives,all,Hurihaa,ހުރިހާ,Hushihai,ހުށިހައި,Hushihai,ހުށިހައި,
SW100-002,Natural Objects & Phenomena,ashes,Alhi,އަޅި,Aalhi,އާޅި,Aalhi,އާޅި,
SW100-003,Plants & Plant Parts,bark,Thoshi,ތޮށި,Thoashi,ތޯށި,Thoashi,ތޯށި,
SW100-004,Body Parts & Substances,belly,Bandu,ބަނޑު,Bando,ބަނޑޮ,Bando,ބަނޑޮ,
SW100-005,Size,big,Bodu,ބޮޑު,Bondo,ބޮނޑޮ,Bondo,ބޮނޑޮ,
SW100-006,Animals,bird,Dhooni,ދޫނި,Dheeni,ދީނި,Dheeni,ދީނި,
SW100-007,Body Sensations & Activities,bite,Dhaigathun / Dhaielhun,ދައިގަތުން / ދަތްއެޅުން,Dhau edun,ދީައު އެޑުން,Dhau edun,ދީައު އެޑުން,
SW100-008,Colors,black,Kalhu,ކަޅު,Kalho,ކަޅޮ,Kalho,ކަޅޮ,
SW100-009,Body Parts & Substances,blood,Ley,ލޭ,Lei,ލެއި,Lei,ލެއި,
SW100-010,Body Parts & Substances,bone,Kashi,ކަށި,Kaanshi,ކާނށި,Kaanshi,ކާނށި,
SW100-011,Body Parts & Substances,-,-,-,-,-,-,-,
SW100-012,Miscellaneous,burn,Endhun,އެނދުން,Endhun,އެނދުން,Endhun,އެނދުން,
SW100-013,Body Parts & Substances,claw,Niyafai,ނިޔަފަތް,Niyafau,ނިޔަފައު,Niyafau,ނިޔަފައު,
SW100-014,Natural Objects & Phenomena,cloud,Vilaa,ވިލާ,Velai,ވެލައި,Velai,ވެލައި,
SW100-015,Descriptives,cold,Fini,ފިނި,Fini,ފިނި,Fini,ފިނި,
SW100-016,Position & Movement,come,Aun / Aadhey,އައުން / އާދޭ,Baa,ބާ,Baa,ބާ,
SW100-017,Body Sensations & Activities,die,Maruvun,މަރުވުން,Maro / Marovun,މަރޮ / މަރޮވުން,Maro / Marovun,މަރޮ / މަރޮވުން,
SW100-018,Animals,dog,Balhu / Kuthaa,ބަޅު / ކުއްތާ,Kuhthaa / Balho,ކުއްތާ/ބަޅޮ,Kuhthaa / Balho,ކުއްތާ/ބަޅޮ,
SW100-019,Body Sensations & Activities,drink,Buin,ބުއިން,Boa ey,ބޯ އޭ,Boa ey,ބޯ އޭ,
SW100-020,Descriptives,dry,Hiki,ހިކި,Heeki,ހީކި,Heeki,ހީކި,
SW100-021,Body Parts & Substances,ear,Kanfai,ކަންފަތް,Kanfau,ކުަންފައު,Kanfau,ކުަންފައު,
SW100-022,Natural Objects & Phenomena,earth,Dhuniye,ދުނިޔެ,Dhuniye,ދުނިޔެ,Dhuniye,ދުނިޔެ,
SW100-023,Body Sensations & Activities,eat,Keun,ކެއުން,Keun,ކެއުން,Keun,ކެއުން,
SW100-024,Body Parts & Substances,egg,Bis,ބިސް,Bihi,ބިހި,Bihi,ބިހި,
SW100-025,Body Parts & Substances,eye,Loa,ލޯ,Lol,ލޮލް,Lol,ލޮލް,
SW100-026,Body Parts & Substances,fat (grease),Sarubee,ސަރުބީ,Sarobee,ސަރޮބީ,Sarobee,ސަރޮބީ,
SW100-027,Body Parts & Substances,feather,Dhoonifai,ދޫނިފަތް,Fau,ފިައު,Fau,ފިައު,
SW100-028,Natural Objects & Phenomena,fire,Alifaan,އަލިފާން,Alifaan,އަލިފާން,Alifaan,އަލިފާން,
SW100-029,Animals,fish,Mas,މަސް,Maha,މަަހަ,Maha,މަަހަ,
SW100-030,Position & Movement,fly,Udhuhun,އުދުހުން,Udhihun,އުދިހުން,Udhihun,އުދިހުން,
SW100-031,Body Parts & Substances,foot,Faithila,ފައިތިލަ,Faa,ފާ,Faa,ފާ,
SW100-032,Quantitatives,full,Furifai,ފުރިފައި,Furaa / furaafey,ފުރާ / ފުރާފޭ,Furaa / furaafey,ފުރާ / ފުރާފޭ,
SW100-033,Position & Movement,give,Dhinun,ދިނުން,Dhinun,ދިނުން,Dhinun,ދިނުން,
SW100-034,Descriptives,good,Rangalhu,ރަނގަޅު,Rangalha,ރަނގަޅަ,Rangalha,ރަނގަޅަ,
SW100-035,Colors,green,Fehi,ފެހި,Fehi,ފެހި,Fehi,ފެހި,
SW100-036,Body Parts & Substances,hair,Isthashi,އިސްތަށި,Isthashi,އިސްތަށި,Isthashi,އިސްތަށި,
SW100-037,Body Parts & Substances,hand,Ai,އަތް,Au,އައު,Au,އައު,
SW100-038,Body Parts & Substances,head,Boa,ބޯ,Bol,ބޮލް,Bol,ބޮލް,
SW100-039,Body Sensations & Activities,hear,Ivun,އިވުން,Ivun,އިވުން,Ivun,އިވުން,
SW100-040,Body Parts & Substances,heart,Hih,ހިތް,Hiu,ހީިއު,Hiu,ހީިއު,
SW100-041,Body Parts & Substances,horn,Dhalhu,ދަޅު,Dhalho,ދަޅޮ,Dhalho,ދަޅޮ,
SW100-042,Personal Pronouns,I,Aharen / Ma / Alhugandu,އަހަރެން‎ / މަ / އަޅުގަނޑު,Ma,މަ,Ma,މަ,
SW100-043,Miscellaneous,kill,Merun,މެރުން,Merun,މެރުން,Merun,މެރުން,
SW100-044,Body Parts & Substances,knee,Kakoo,ކަކޫ,Kakul,ކަކުލް,Kakul,ކަކުލް,
SW100-045,Body Sensations & Activities,know,Engun,އެނގުން,Engun,އެނގުން,Engun,އެނގުން,
SW100-046,Plants & Plant Parts,leaf,Fai,ފަތް,Fau,ފައު,Fau,ފައު,
SW100-047,Position & Movement,lie,Oshoathun,އޮށޯތުން,Veshioathun,ވެެށިއޮތުން,Veshioathun,ވެެށިއޮތުން,
SW100-048,Body Parts & Substances,liver,Meygandu,މޭގަނޑު,Meigando,މެއިގަނޑޮ,Meigando,މެއިގަނޑޮ,
SW100-049,Size,long,Dhigu,ދިގު,Dhigi,ދިގި,Dhigi,ދިގި,
SW100-050,Animals,louse,Ukunu,އުކުނު,Ukunu,އުކުނު,Ukunu,އުކުނު,
SW100-051,Persons,man,Meehaa,މީހާ,Meehaa,މީހާ,Meehaa,މީހާ,
SW100-052,Quantitatives,many,Baivaru,ބައިވަރު,Baivaro,ބައިވަރޮ,Baivaro,ބައިވަރޮ,
SW100-053,Body Parts & Substances,meat (flesh),Mas,މަސް,Maha,މަހަ,Maha,މަހަ,
SW100-054,Natural Objects & Phenomena,moon,Handhu,ހަނދު,Handho,ހަނދޮ,Handho,ހަނދޮ,
SW100-055,Natural Objects & Phenomena,mountain,Farubadha,ފަރުބަދަ,Farobadha,ފަރޮބަދަ,Farobadha,ފަރޮބަދަ,
SW100-056,Body Parts & Substances,mouth,Anga,އަނގަ,Anga,އަނގަ,Anga,އަނގަ,
SW100-057,Miscellaneous,name,Nan,ނަން,Nan,ނަން,Nan,ނަން,
SW100-058,Body Parts & Substances,neck,Karu,ކަރު,Karo,ކަރޮ,Karo,ކަރޮ,
SW100-059,Descriptives,new,Aa / Au,އާ / އައު,Al,އަލް,Al,އަލް,
SW100-060,Time Periods,night,Reygandu,ރޭގަނޑު,Reigan'do,ރެއިގަނޑޮ,Reigan'do,ރެއިގަނޑޮ,
SW100-061,Body Parts & Substances,nose,Neyfai,ނޭފަތް,Neyfau,ނޭފަތް,Neyfau,ނޭފަތް,
SW100-062,Miscellaneous,not,Noon,ނޫން,Nun,ނުން,Nun,ނުން,
SW100-063,Numerals,one,Ekeh,އެކެއް,Ekeu,އެކެއު,Ekeu,އެކެއު,
SW100-064,Persons,person (human being),Meehaa,މީހާ,Meehaa,މީހާާ,Meehaa,މީހާާ,
SW100-065,Natural Objects & Phenomena,rain,Vaarey,ވާރޭ,Vaarehi,ވާރެހި,Vaarehi,ވާރެހި,
SW100-066,Colors,red,Rai,ރަތް,Rau,ރައު,Rau,ރައު,
SW100-067,Miscellaneous,road (path),Magu,މަގު,Mago,މަގޮ,Mago,މަގޮ,
SW100-068,Plants & Plant Parts,root,Moo,މޫ,Mul,މުލް,Mul,މުލް,
SW100-069,Descriptives,round,Vah,ވަށް,Vasho,ވަށޮ,Vasho,ވަށޮ,
SW100-070,Natural Objects & Phenomena,sand,Veli,ވެލި,Veyli,ވޭލި,Veyli,ވޭލި,
SW100-071,Oral Activities,say,Bunun,ބުނުން,Benun,ބެނުން,Benun,ބެނުން,
SW100-072,Body Sensations & Activities,see,Belun,ބެލުން,Belun,ބެލުން,Belun,ބެލުން,
SW100-073,Plants & Plant Parts,seed,Oh,އޮށް,Eshe,އެށެ,Eshe,އެށެ,
SW100-074,Position & Movement,sit,Isheenun,އިށީނުން,Ireendhun,އިރީނދުން,Ireendhun,އިރީނދުން,
SW100-075,Body Parts & Substances,skin,Han,ހަން,Han,ހަން,Han,ހަން,
SW100-076,Body Sensations & Activities,sleep,Nidhun,ނިދުން,Nidhun,ނިދުން,Nidhun,ނިދުން,
SW100-077,Size,small,Kuda,ކުޑަ,Kudhu,ކުދު,Kudhu,ކުދު,
SW100-078,Natural Objects & Phenomena,smoke,Dhun,ދުން,Dhun,ދުން,Dhun,ދުން,
SW100-079,Position & Movement,stand,Kolhahurun,ކޮޅައްހުރުން,Thedhovun,ތެދޮވުން,Thedhovun,ތެދޮވުން,
SW100-080,Natural Objects & Phenomena,star,Thari,ތަރި,Thari,ތަރި,Thari,ތަރި,
SW100-081,Natural Objects & Phenomena,stone,Gaa,ގާ,Gal,ގަލް,Gal,ގަލް,
SW100-082,Natural Objects & Phenomena,sun,Iru,އިރު,Iri,އިރީި,Iri,އިރީި,
SW100-083,Position & Movement,swim,Fethun,ފެތުން,Fethun,ފެތުން,Fethun,ފެތުން,
SW100-084,Body Parts & Substances,tail,Nagoo / Nigoo,ނަގޫ / ނިގޫ,Nagul,ނަގުލް,Nagul,ނަގުލް,
SW100-085,Location & Deixis,that,E,އެ,Ey,އޭ,Ey,އޭ,
SW100-086,Location & Deixis,this,Mi,މި,Mi,މި,Mi,މި,
SW100-087,Personal Pronouns,thou,Kaley / Kalaa / Thibeyfulhaa,ކަލޭ / ކަލާ / ތިބޭފުޅާ,Tha,ތަ,Tha,ތަ,
SW100-088,Body Parts & Substances,tongue,Dhoo,ދޫ,Dhul,ދުލް,Dhul,ދުލް,
SW100-089,Body Parts & Substances,tooth,Dhai,ދަތް,Dhau,ދައު,Dhau,ދައު,
SW100-090,Plants & Plant Parts,tree,Gas,ގަސް,Gehe,ގަެހެ,Gehe,ގަެހެ,
SW100-091,Numerals,two,Dheh,ދޭއް,Dheyu,ދޭއު,Dheyu,ދޭއު,
SW100-092,Position & Movement,walk,Hingun,ހިންގުން,Hingun,ހިނގުން,Hingun,ހިނގުން,
SW100-093,Descriptives,warm (hot),Hoonu,ހޫނެ,Hunu,ހުނު,Hunu,ހުނު,
SW100-094,Natural Objects & Phenomena,water,Fen,ފެން,Fen,ފެން,Fen,ފެން,
SW100-095,Personal Pronouns,we,Aharemen / Alugandumen,އަހަރެމެން / އަލުގަނޑުމެން,Afun,އަފުން,Afun,އަފުން,
SW100-096,Interrogatives,what,Konechche / Koache,ކޮންއެޗްޗެއް / ކޯއްޗެއް,Koan'theh,ކޯނތެއް,Koan'theh,ކޯނތެއް,
SW100-097,Colors,white,Hudhu,ހުދު,Hudhu,ހުދު,Hudhu,ހުދު,
SW100-098,Interrogatives,who,Kaaku,ކާކު,Keya,ކޭއަ,Keya,ކޭއަ,
SW100-099,Persons,woman,Anhen meehaa,އަންހެން މީހާ,Anhen meehaa,އަނހެން މީހާ,Anhen meehaa,އަނހެން މީހާ,
SW100-100,Colors,yellow,Reendhoo,ރީނދޫ,Reendhul,ރީނދުލް,Reendhul,ރީނދުލް,
