ID,Category,English,Standard Male' - Latin,Standard Male' - Thaana,Benchmark - Latin,Benchmark - Thaana,Hithadhoo - Latin,Hithadhoo - Thaana,Feydhoo - Latin,Feydhoo - Thaana,Hulhudhoo - Latin,Hulhudhoo - Thaana,Maradhoo - Latin,Maradhoo - Thaana,Maradhoofeydhoo - Latin,Maradhoofeydhoo - Thaana,Meedhoo - Latin,Meedhoo - Thaana,Notes
SW100-001,Quantitatives,all,Hurihaa,ހުރިހާ,Hushihei,ހުށިހެއި,Hushihei,ހުށިހެއި,,,,,,,,,,,
SW100-002,Natural Objects & Phenomena,ashes,Alhi,އަޅި,Alhi,އަޅި,Alhi,އަޅި,,,,,,,,,,,
SW100-003,Plants & Plant Parts,bark,Thoshi,ތޮށި,Thoshi,ތޮށި,Thoshi,ތޮށި,,,,,,,,,,,
SW100-004,Body Parts & Substances,belly,Bandu,ބަނޑު,Banda,ބަނޑަ,Banda,ބަނޑަ,,,,,,,,,,,
SW100-005,Size,big,Bodu,ބޮޑު,Bonda,ބޮނޑަ,Bonda,ބޮނޑަ,,,,,,,,,,,
SW100-006,Animals,bird,Dhooni,ދޫނި,Dheeni,ދީނި,Dheeni,ދީނި,,,,,,,,,,,
SW100-007,Body Sensations & Activities,bite,Dhaigathun / Dhaielhun,ދައިގަތުން / ދަތްއެޅުން,Dheyvun,ދޭވުން,Dheyvun,ދޭވުން,,,,,,,,,,,
SW100-008,Colors,black,Kalhu,ކަޅު,Kalha,ކަޅަ,Kalha,ކަޅަ,,,,,,,,,,,
SW100-009,Body Parts & Substances,blood,Ley,ލޭ,Lei,ލެއި,Lei,ލެއި,,,,,,,,,,,
SW100-010,Body Parts & Substances,bone,Kashi,ކަށި,Kashi,ކަށި,Kashi,ކަށި,,,,,,,,,,,
SW100-011,Body Parts & Substances,-,-,-,-,-,-,-,,,,,,,,,,,
SW100-012,Miscellaneous,burn,Endhun,އެނދުން,Endhun,އެންދުން,Endhun,އެންދުން,,,,,,,,,,,
SW100-013,Body Parts & Substances,claw,Niyafai,ނިޔަފަތް,Bulhi / Niyafah,ބުޅި / ނިޔަފަހް,Bulhi / Niyafah,ބުޅި / ނިޔަފަހް,,,,,,,,,,,
SW100-014,Natural Objects & Phenomena,cloud,Vilaa,ވިލާ,Kolhi,ކޮޅި,Kolhi,ކޮޅި,,,,,,,,,,,
SW100-015,Descriptives,cold,Fini,ފިނި,Fini,ފިނި,Fini,ފިނި,,,,,,,,,,,
SW100-016,Position & Movement,come,Aun / Aadhey,އައުން / އާދޭ,Aassele,އާސްސެލެ,Aassele,އާސްސެލެ,,,,,,,,,,,
SW100-017,Body Sensations & Activities,die,Maruvun,މަރުވުން,Maravun,މަރަވުން,Maravun,މަރަވުން,,,,,,,,,,,
SW100-018,Animals,dog,Balhu / Kuthaa,ބަޅު / ކުއްތާ,Kuththaa / Balha,ކުތްތާ / ބަޅަ,Kuththaa / Balha,ކުތްތާ / ބަޅަ,,,,,,,,,,,
SW100-019,Body Sensations & Activities,drink,Buin,ބުއިން,Boa ey,ބޯ އޭ,Boa ey,ބޯ އޭ,,,,,,,,,,,
SW100-020,Descriptives,dry,Hiki,ހިކި,Hiki / dhalha,ހިކި / ދަޅަ,Hiki / dhalha,ހިކި / ދަޅަ,,,,,,,,,,,
SW100-021,Body Parts & Substances,ear,Kanfai,ކަންފަތް,Kanfah,ކަންފަށް,Kanfah,ކަންފަށް,,,,,,,,,,,
SW100-022,Natural Objects & Phenomena,earth,Dhuniye,ދުނިޔެ,Dhuniye,ދުނިޔެ,Dhuniye,ދުނިޔެ,,,,,,,,,,,
SW100-023,Body Sensations & Activities,eat,Keun,ކެއުން,Keun,ކެއުން,Keun,ކެއުން,,,,,,,,,,,
SW100-024,Body Parts & Substances,egg,Bis,ބިސް,Bis,ބިސް,Bis,ބިސް,,,,,,,,,,,
SW100-025,Body Parts & Substances,eye,Loa,ލޯ,Loa,ލޯ,Loa,ލޯ,,,,,,,,,,,
SW100-026,Body Parts & Substances,fat (grease),Sarubee,ސަރުބީ,Sarabi,ސަރަބި,Sarabi,ސަރަބި,,,,,,,,,,,
SW100-027,Body Parts & Substances,feather,Dhoonifai,ދޫނިފަތް,Dheeni Fah,ދީނި ފަށް,Dheeni Fah,ދީނި ފަށް,,,,,,,,,,,
SW100-028,Natural Objects & Phenomena,fire,Alifaan,އަލިފާން,Alifaan,އަލިފާން,Alifaan,އަލިފާން,,,,,,,,,,,
SW100-029,Animals,fish,Mas,މަސް,Mas,މަސް,Mas,މަސް,,,,,,,,,,,
SW100-030,Position & Movement,fly,Udhuhun,އުދުހުން,Udhuhun,އުދުހުން,Udhuhun,އުދުހުން,,,,,,,,,,,
SW100-031,Body Parts & Substances,foot,Faithila,ފައިތިލަ,Faa,ފާ,Faa,ފާ,,,,,,,,,,,
SW100-032,Quantitatives,full,Furifai,ފުރިފައި,Furifei,ފުރިފެއި,Furifei,ފުރިފެއި,,,,,,,,,,,
SW100-033,Position & Movement,give,Dhinun,ދިނުން,Dhinun,ދިނުން,Dhinun,ދިނުން,,,,,,,,,,,
SW100-034,Descriptives,good,Rangalhu,ރަނގަޅު,Rangalha / Heu,ރަންގަޅަ / ހެއު,Rangalha / Heu,ރަންގަޅަ / ހެއު,,,,,,,,,,,
SW100-035,Colors,green,Fehi,ފެހި,Fehi,ފެހި,Fehi,ފެހި,,,,,,,,,,,
SW100-036,Body Parts & Substances,hair,Isthashi,އިސްތަށި,Issashi,އިސްސަށި,Issashi,އިސްސަށި,,,,,,,,,,,
SW100-037,Body Parts & Substances,hand,Ai,އަތް,Ah,އަތް,Ah,އަތް,,,,,,,,,,,
SW100-038,Body Parts & Substances,head,Boa,ބޯ,Boa,ބޯ,Boa,ބޯ,,,,,,,,,,,
SW100-039,Body Sensations & Activities,hear,Ivun,އިވުން,Ivun,އިވުން,Ivun,އިވުން,,,,,,,,,,,
SW100-040,Body Parts & Substances,heart,Hih,ހިތް,Hih,ހިތް,Hih,ހިތް,,,,,,,,,,,
SW100-041,Body Parts & Substances,horn,Dhalhu,ދަޅު,Dalha,ދަޅަ,Dalha,ދަޅަ,,,,,,,,,,,
SW100-042,Personal Pronouns,I,Aharen / Ma / Alhugandu,އަހަރެން‎ / މަ / އަޅުގަނޑު,Ma / Ava,މަ/އަވަ,Ma / Ava,މަ/އަވަ,,,,,,,,,,,
SW100-043,Miscellaneous,kill,Merun,މެރުން,Merun,މެރުން,Merun,މެރުން,,,,,,,,,,,
SW100-044,Body Parts & Substances,knee,Kakoo,ކަކޫ,Kakoo,ކަކޫ,Kakoo,ކަކޫ,,,,,,,,,,,
SW100-045,Body Sensations & Activities,know,Engun,އެނގުން,Engun,އެނގުން,Engun,އެނގުން,,,,,,,,,,,
SW100-046,Plants & Plant Parts,leaf,Fai,ފަތް,Fah,ފަތް,Fah,ފަތް,,,,,,,,,,,
SW100-047,Position & Movement,lie,Oshoathun,އޮށޯތުން,Veshiothun / burikashi jehun,ވެށިއޮތުން/ބުރިކަށި ޖެހުން,Veshiothun / burikashi jehun,ވެށިއޮތުން/ބުރިކަށި ޖެހުން,,,,,,,,,,,
SW100-048,Body Parts & Substances,liver,Meygandu,މޭގަނޑު,Meiganda,މެއިގަންޑު,Meiganda,މެއިގަންޑު,,,,,,,,,,,
SW100-049,Size,long,Dhigu,ދިގު,Dhigi,ދިގި,Dhigi,ދިގި,,,,,,,,,,,
SW100-050,Animals,louse,Ukunu,އުކުނު,Ukunu,އުކުނު,Ukunu,އުކުނު,,,,,,,,,,,
SW100-051,Persons,man,Meehaa,މީހާ,Meehaa,މީހާ,Meehaa,މީހާ,,,,,,,,,,,
SW100-052,Quantitatives,many,Baivaru,ބައިވަރު,Furei,ފުރެއި,Furei,ފުރެއި,,,,,,,,,,,
SW100-053,Body Parts & Substances,meat (flesh),Mas,މަސް,Mas,މަސް,Mas,މަސް,,,,,,,,,,,
SW100-054,Natural Objects & Phenomena,moon,Handhu,ހަނދު,Handha,ހަނދަ,Handha,ހަނދަ,,,,,,,,,,,
SW100-055,Natural Objects & Phenomena,mountain,Farubadha,ފަރުބަދަ,Farabadha,ފަރަބަދަ,Farabadha,ފަރަބަދަ,,,,,,,,,,,
SW100-056,Body Parts & Substances,mouth,Anga,އަނގަ,Anga,އަނގަ,Anga,އަނގަ,,,,,,,,,,,
SW100-057,Miscellaneous,name,Nan,ނަން,Nan,ނަން,Nan,ނަން,,,,,,,,,,,
SW100-058,Body Parts & Substances,neck,Karu,ކަރު,Kara,ކަރަ,Kara,ކަރަ,,,,,,,,,,,
SW100-059,Descriptives,new,Aa / Au,އާ / އައު,Au,އައު,Au,އައު,,,,,,,,,,,
SW100-060,Time Periods,night,Reygandu,ރޭގަނޑު,Reiganda,ރެއިގަނޑަ,Reiganda,ރެއިގަނޑަ,,,,,,,,,,,
SW100-061,Body Parts & Substances,nose,Neyfai,ނޭފަތް,Neyfah,ނޭފަތް,Neyfah,ނޭފަތް,,,,,,,,,,,
SW100-062,Miscellaneous,not,Noon,ނޫން,Nun,ނުން,Nun,ނުން,,,,,,,,,,,
SW100-063,Numerals,one,Ekeh,އެކެއް,Ekeh,އެކެއް,Ekeh,އެކެއް,,,,,,,,,,,
SW100-064,Persons,person (human being),Meehaa,މީހާ,Meehaa,މީހާ,Meehaa,މީހާ,,,,,,,,,,,
SW100-065,Natural Objects & Phenomena,rain,Vaarey,ވާރޭ,Vaarei,ވާރެއި,Vaarei,ވާރެއި,,,,,,,,,,,
SW100-066,Colors,red,Rai,ރަތް,Rah,ރަތް,Rah,ރަތް,,,,,,,,,,,
SW100-067,Miscellaneous,road (path),Magu,މަގު,Maga,މަގަ,Maga,މަގަ,,,,,,,,,,,
SW100-068,Plants & Plant Parts,root,Moo,މޫ,Moo,މޫ,Moo,މޫ,,,,,,,,,,,
SW100-069,Descriptives,round,Vah,ވަށް,Vah,ވަށް,Vah,ވަށް,,,,,,,,,,,
SW100-070,Natural Objects & Phenomena,sand,Veli,ވެލި,Veli,ވެލި,Veli,ވެލި,,,,,,,,,,,
SW100-071,Oral Activities,say,Bunun,ބުނުން,Benun,ބެނުން,Benun,ބެނުން,,,,,,,,,,,
SW100-072,Body Sensations & Activities,see,Belun,ބެލުން,Belun,ބެލުން,Belun,ބެލުން,,,,,,,,,,,
SW100-073,Plants & Plant Parts,seed,Oh,އޮށް,Esha,އެށަ,Esha,އެށަ,,,,,,,,,,,
SW100-074,Position & Movement,sit,Isheenun,އިށީނުން,Ireenun,އިރީނުން,Ireenun,އިރީނުން,,,,,,,,,,,
SW100-075,Body Parts & Substances,skin,Han,ހަން,Han,ހަން,Han,ހަން,,,,,,,,,,,
SW100-076,Body Sensations & Activities,sleep,Nidhun,ނިދުން,Nidhun,ނިދުން,Nidhun,ނިދުން,,,,,,,,,,,
SW100-077,Size,small,Kuda,ކުޑަ,Kudhu,ކުދު,Kudhu,ކުދު,,,,,,,,,,,
SW100-078,Natural Objects & Phenomena,smoke,Dhun,ދުން,Dhun,ދުން,Dhun,ދުން,,,,,,,,,,,
SW100-079,Position & Movement,stand,Kolhahurun,ކޮޅައްހުރުން,Kedahishun,ކެޑައްހިށުން,Kedahishun,ކެޑައްހިށުން,,,,,,,,,,,
SW100-080,Natural Objects & Phenomena,star,Thari,ތަރި,Thari,ތަރި,Thari,ތަރި,,,,,,,,,,,
SW100-081,Natural Objects & Phenomena,stone,Gaa,ގާ,Gau,ގައު,Gau,ގައު,,,,,,,,,,,
SW100-082,Natural Objects & Phenomena,sun,Iru,އިރު,Iri,އިރި,Iri,އިރި,,,,,,,,,,,
SW100-083,Position & Movement,swim,Fethun,ފެތުން,Fethun,ފެތުން,Fethun,ފެތުން,,,,,,,,,,,
SW100-084,Body Parts & Substances,tail,Nagoo / Nigoo,ނަގޫ / ނިގޫ,Nagoo,ނަގޫ,Nagoo,ނަގޫ,,,,,,,,,,,
SW100-085,Location & Deixis,that,E,އެ,Iya,އިޔާ,Iya,އިޔާ,,,,,,,,,,,
SW100-086,Location & Deixis,this,Mi,މި,Miya,މިޔާ,Miya,މިޔާ,,,,,,,,,,,
SW100-087,Personal Pronouns,thou,Kaley / Kalaa / Thibeyfulhaa,ކަލޭ / ކަލާ / ތިބޭފުޅާ,Thoa,ތޯ,Thoa,ތޯ,,,,,,,,,,,
SW100-088,Body Parts & Substances,tongue,Dhoo,ދޫ,Dheetheli,ދީތެލި,Dheetheli,ދީތެލި,,,,,,,,,,,
SW100-089,Body Parts & Substances,tooth,Dhai,ދަތް,Dhathaa,ދަތާ,Dhathaa,ދަތާ,,,,,,,,,,,
SW100-090,Plants & Plant Parts,tree,Gas,ގަސް,Gis,ގިސް,Gis,ގިސް,,,,,,,,,,,
SW100-091,Numerals,two,Dheh,ދޭއް,Dhey,ދޭއް,Dhey,ދޭއް,,,,,,,,,,,
SW100-092,Position & Movement,walk,Hingun,ހިންގުން,Hingun,ހިންގުން,Hingun,ހިންގުން,,,,,,,,,,,
SW100-093,Descriptives,warm (hot),Hoonu,ހޫނެ,Hunu,ހުން,Hunu,ހުން,,,,,,,,,,,
SW100-094,Natural Objects & Phenomena,water,Fen,ފެން,Fen,ފެން,Fen,ފެން,,,,,,,,,,,
SW100-095,Personal Pronouns,we,Aharemen / Alugandumen,އަހަރެމެން / އަލުގަނޑުމެން,Afirin,އަފިރިން,Afirin,އަފިރިން,,,,,,,,,,,
SW100-096,Interrogatives,what,Konechche / Koache,ކޮންއެޗްޗެއް / ކޯއްޗެއް,Konthah,ކޮންތައް,Konthah,ކޮންތައް,,,,,,,,,,,
SW100-097,Colors,white,Hudhu,ހުދު,Hudhu,ހުދު,Hudhu,ހުދު,,,,,,,,,,,
SW100-098,Interrogatives,who,Kaaku,ކާކު,Kankaa,ކަަންކާ,Kankaa,ކަަންކާ,,,,,,,,,,,
SW100-099,Persons,woman,Anhen meehaa,އަންހެން މީހާ,Anhen meehaa,އަންހެން މީހާ,Anhen meehaa,އަންހެން މީހާ,,,,,,,,,,,
SW100-100,Colors,yellow,Reendhoo,ރީނދޫ,Reendhoo,ރީންދޫ,Reendhoo,ރީންދޫ,,,,,,,,,,,
