ID,Word List,Category,English,Male'_Word,Male_vs_Addu_Best_Pair,Male_vs_Addu_Raw_Dist,Male_vs_Addu_Norm_Dist,Male_vs_Addu_Sim_Pct,Male_vs_Huvadhu_Best_Pair,Male_vs_Huvadhu_Raw_Dist,Male_vs_Huvadhu_Norm_Dist,Male_vs_Huvadhu_Sim_Pct,Male_vs_Fuvahmulah_Best_Pair,Male_vs_Fuvahmulah_Raw_Dist,Male_vs_Fuvahmulah_Norm_Dist,Male_vs_Fuvahmulah_Sim_Pct,Male_vs_Maliku_Best_Pair,Male_vs_Maliku_Raw_Dist,Male_vs_Maliku_Norm_Dist,Male_vs_Maliku_Sim_Pct,Male_vs_Sinhala_Best_Pair,Male_vs_Sinhala_Raw_Dist,Male_vs_Sinhala_Norm_Dist,Male_vs_Sinhala_Sim_Pct,Male_vs_Malayalam_Best_Pair,Male_vs_Malayalam_Raw_Dist,Male_vs_Malayalam_Norm_Dist,Male_vs_Malayalam_Sim_Pct,Male_vs_Arabic_Best_Pair,Male_vs_Arabic_Raw_Dist,Male_vs_Arabic_Norm_Dist,Male_vs_Arabic_Sim_Pct,Male_Closest_Dhivehi_Dialect,Male_Closest_Dhivehi_Sim_Pct,Male_Closest_Dhivehi_Raw_Dist,Male_Closest_Foreign_Lang,Male_Closest_Foreign_Sim_Pct,Male_Closest_Foreign_Raw_Dist,Male_Is_Dhivehi_Dialect_Closer,Addu_vs_Huvadhu_Best_Pair,Addu_vs_Huvadhu_Raw_Dist,Addu_vs_Huvadhu_Norm_Dist,Addu_vs_Huvadhu_Sim_Pct,Addu_vs_Fuvahmulah_Best_Pair,Addu_vs_Fuvahmulah_Raw_Dist,Addu_vs_Fuvahmulah_Norm_Dist,Addu_vs_Fuvahmulah_Sim_Pct,Addu_vs_Maliku_Best_Pair,Addu_vs_Maliku_Raw_Dist,Addu_vs_Maliku_Norm_Dist,Addu_vs_Maliku_Sim_Pct,Huvadhu_vs_Fuvahmulah_Best_Pair,Huvadhu_vs_Fuvahmulah_Raw_Dist,Huvadhu_vs_Fuvahmulah_Norm_Dist,Huvadhu_vs_Fuvahmulah_Sim_Pct,Huvadhu_vs_Maliku_Best_Pair,Huvadhu_vs_Maliku_Raw_Dist,Huvadhu_vs_Maliku_Norm_Dist,Huvadhu_vs_Maliku_Sim_Pct,Fuvahmulah_vs_Maliku_Best_Pair,Fuvahmulah_vs_Maliku_Raw_Dist,Fuvahmulah_vs_Maliku_Norm_Dist,Fuvahmulah_vs_Maliku_Sim_Pct,Overall_Closest_Dhivehi_Pair,Overall_Closest_Dhivehi_Sim_Pct,Overall_Closest_Dhivehi_Words
SW100-001,Swadesh 100,Quantitatives,all,Hurihaa,Hurihaa ~ Hushihei,4,0.5,50.0,,,,,,,,,,,,,Hurihaa ~ Hama,5,0.7143,28.57,Hurihaa ~ Sarvva,5,0.7143,28.57,Hurihaa ~ Kulla,5,0.7143,28.57,Addu,50.0,4,Sinhala/Malayalam/Arabic,28.57,5,Yes (Dialect closer),,,,,,,,,,,,,,,,,,,,,,,,,Male' ⟷ Addu,50.0,Hurihaa ~ Hushihei
SW100-002,Swadesh 100,Natural Objects & Phenomena,ashes,Alhi,Alhi ~ Alhi,0,0.0,100.0,,,,,,,,,,,,,Alhi ~ Aḻu,3,0.75,25.0,Alhi ~ Cāraṃ,5,1.0,0.0,Alhi ~ Ramāda,5,0.8333,16.67,Addu,100.0,0,Sinhala,25.0,3,Yes (Dialect closer),,,,,,,,,,,,,,,,,,,,,,,,,Male' ⟷ Addu,100.0,Alhi ~ Alhi
SW100-003,Swadesh 100,Plants & Plant Parts,bark,Thoshi,Thoshi ~ Thoshi,0,0.0,100.0,,,,,,,,,,,,,Thoshi ~ Pòtu,6,1.0,0.0,Thoshi ~ Tol,4,0.6667,33.33,Thoshi ~ Qilfa,6,1.0,0.0,Addu,100.0,0,Malayalam,33.33,4,Yes (Dialect closer),,,,,,,,,,,,,,,,,,,,,,,,,Male' ⟷ Addu,100.0,Thoshi ~ Thoshi
SW100-004,Swadesh 100,Body Parts & Substances,belly,Bandu,Bandu ~ Banda,1,0.2,80.0,Bandu ~ Badaa,3,0.6,40.0,,,,,,,,,Bandu ~ Baḍa,3,0.6,40.0,Bandu ~ Vayaṟ,4,0.8,20.0,Bandu ~ Baẗana,5,0.7143,28.57,Addu,80.0,1,Sinhala,40.0,3,Yes (Dialect closer),Banda ~ Badaa,2,0.4,60.0,,,,,,,,,,,,,,,,,,,,,Male' ⟷ Addu,80.0,Bandu ~ Banda
SW100-005,Swadesh 100,Size,big,Bodu,Bodu ~ Bonda,2,0.4,60.0,Bodu ~ Bode,1,0.25,75.0,,,,,,,,,Bodu ~ Lòku,3,0.75,25.0,Bodu ~ Valiya,6,1.0,0.0,Bodu ~ Kabīra,5,0.8333,16.67,Huvadhu,75.0,1,Sinhala,25.0,3,Yes (Dialect closer),Bonda ~ Bode,2,0.4,60.0,,,,,,,,,,,,,,,,,,,,,Male' ⟷ Huvadhu,75.0,Bodu ~ Bode
SW100-006,Swadesh 100,Animals,bird,Dhooni,Dhooni ~ Dheeni,2,0.3333,66.67,Dhooni ~ Dhoonna,2,0.2857,71.43,,,,,,,,,Dhooni ~ Kurullā,7,1.0,0.0,Dhooni ~ Kiḻi,5,0.8333,16.67,,,,,Huvadhu,71.43,2,Malayalam,16.67,5,Yes (Dialect closer),Dheeni ~ Dhoonna,4,0.5714,42.86,,,,,,,,,,,,,,,,,,,,,Male' ⟷ Huvadhu,71.43,Dhooni ~ Dhoonna
SW100-007,Swadesh 100,Body Sensations & Activities,bite,Dhaigathun/Dhaielhun,Dhaielhun ~ Dheyvun,4,0.4444,55.56,,,,,,,,,,,,,Dhaigathun ~ Hapanavā,7,0.7,30.0,Dhaielhun ~ Kaṭikkuka,8,0.8889,11.11,Dhaielhun ~ Äd̈d̈a,8,0.8889,11.11,Addu,55.56,4,Sinhala,30.0,7,Yes (Dialect closer),,,,,,,,,,,,,,,,,,,,,,,,,Male' ⟷ Addu,55.56,Dhaielhun ~ Dheyvun
SW100-008,Swadesh 100,Colors,black,Kalhu,Kalhu ~ Kalha,1,0.2,80.0,Kalhu ~ Kalhe,1,0.2,80.0,,,,,,,,,Kalhu ~ Kaḻu,2,0.4,60.0,Kalhu ~ Kaṟupp,4,0.6667,33.33,,,,,Addu/Huvadhu,80.0,1,Sinhala,60.0,2,Yes (Dialect closer),Kalha ~ Kalhe,1,0.2,80.0,,,,,,,,,,,,,,,,,,,,,Male' ⟷ Addu / Male' ⟷ Huvadhu / Addu ⟷ Huvadhu,80.0,Kalhu ~ Kalha / Kalhu ~ Kalhe / Kalha ~ Kalhe
SW100-009,Swadesh 100,Body Parts & Substances,blood,Ley,Ley ~ Lei,1,0.3333,66.67,,,,,,,,,,,,,Ley ~ Le,1,0.3333,66.67,Ley ~ Cora,4,1.0,0.0,Ley ~ Dama,4,1.0,0.0,Addu,66.67,1,Sinhala,66.67,1,Equal,,,,,,,,,,,,,,,,,,,,,,,,,Male' ⟷ Addu,66.67,Ley ~ Lei
SW100-010,Swadesh 100,Body Parts & Substances,bone,Kashi,Kashi ~ Kashi,0,0.0,100.0,Kashi ~ Kantaa,4,0.6667,33.33,,,,,,,,,Kashi ~ Kaṭu,3,0.6,40.0,Kashi ~ Asthi,2,0.4,60.0,Kashi ~ Äjḧma,6,0.8571,14.29,Addu,100.0,0,Malayalam,60.0,2,Yes (Dialect closer),Kashi ~ Kantaa,4,0.6667,33.33,,,,,,,,,,,,,,,,,,,,,Male' ⟷ Addu,100.0,Kashi ~ Kashi
SW100-011,Swadesh 100,Body Parts & Substances,-,,,,,,,,,,,,,,,,,,,,,,,,,,,,,,,,,,,,,,,,,,,,,,,,,,,,,,,,,,,,,,,
SW100-012,Swadesh 100,Miscellaneous,burn,Endhun,Endhun ~ Endhun,0,0.0,100.0,Endhun ~ Edhaa,3,0.5,50.0,,,,,,,,,Endhun ~ Puccanavā,8,0.8889,11.11,Endhun ~ Kattikkuka,9,0.9,10.0,Endhun ~ Ḧaraqa,7,1.0,0.0,Addu,100.0,0,Sinhala,11.11,8,Yes (Dialect closer),Endhun ~ Edhaa,3,0.5,50.0,,,,,,,,,,,,,,,,,,,,,Male' ⟷ Addu,100.0,Endhun ~ Endhun
SW100-013,Swadesh 100,Body Parts & Substances,claw,Niyafai,Niyafai ~ Niyafah,1,0.1429,85.71,,,,,,,,,,,,,Niyafai ~ Niyapòtu,4,0.5,50.0,Niyafai ~ Nakhaṃ,5,0.7143,28.57,Niyafai ~ Jḧufra,6,0.8571,14.29,Addu,85.71,1,Sinhala,50.0,4,Yes (Dialect closer),,,,,,,,,,,,,,,,,,,,,,,,,Male' ⟷ Addu,85.71,Niyafai ~ Niyafah
SW100-014,Swadesh 100,Natural Objects & Phenomena,cloud,Vilaa,Vilaa ~ Kolhi,4,0.8,20.0,Vilaa ~ Velaa,1,0.2,80.0,,,,,,,,,Vilaa ~ Valākuḻa,5,0.625,37.5,Vilaa ~ Meghaṃ,5,0.8333,16.67,,,,,Huvadhu,80.0,1,Sinhala,37.5,5,Yes (Dialect closer),Kolhi ~ Velaa,4,0.8,20.0,,,,,,,,,,,,,,,,,,,,,Male' ⟷ Huvadhu,80.0,Vilaa ~ Velaa
SW100-015,Swadesh 100,Descriptives,cold,Fini,Fini ~ Fini,0,0.0,100.0,Fini ~ Fini,0,0.0,100.0,,,,,,,,,Fini ~ Sītala,6,1.0,0.0,Fini ~ Taṇupp,6,1.0,0.0,Fini ~ Bārida,5,0.8333,16.67,Addu/Huvadhu,100.0,0,Arabic,16.67,5,Yes (Dialect closer),Fini ~ Fini,0,0.0,100.0,,,,,,,,,,,,,,,,,,,,,Male' ⟷ Addu / Male' ⟷ Huvadhu / Addu ⟷ Huvadhu,100.0,Fini ~ Fini / Fini ~ Fini / Fini ~ Fini
SW100-016,Swadesh 100,Position & Movement,come,Aun/Aadhey,Aadhey ~ Aassele,4,0.5714,42.86,Aun ~ Ahafen,4,0.6667,33.33,,,,,,,,,Aun ~ Ènavā,4,0.8,20.0,Aun ~ Varuka,4,0.6667,33.33,,,,,Addu,42.86,4,Malayalam,33.33,4,Yes (Dialect closer),Aassele ~ Ahafele,3,0.4286,57.14,,,,,,,,,,,,,,,,,,,,,Addu ⟷ Huvadhu,57.14,Aassele ~ Ahafele
SW100-017,Swadesh 100,Body Sensations & Activities,die,Maruvun,Maruvun ~ Maravun,1,0.1429,85.71,Maruvun ~ Maravege,4,0.5,50.0,,,,,,,,,Maruvun ~ Marènavā,5,0.625,37.5,Maruvun ~ Marikkuka,5,0.5556,44.44,Maruvun ~ Māta,6,0.8571,14.29,Addu,85.71,1,Malayalam,44.44,5,Yes (Dialect closer),Maravun ~ Maravege,3,0.375,62.5,,,,,,,,,,,,,,,,,,,,,Male' ⟷ Addu,85.71,Maruvun ~ Maravun
SW100-018,Swadesh 100,Animals,dog,Balhu/Kuthaa,Balhu ~ Balha,1,0.2,80.0,,,,,,,,,,,,,Balhu ~ Ballā,2,0.4,60.0,Balhu ~ Paṭṭi,4,0.8,20.0,Balhu ~ Kalba,3,0.6,40.0,Addu,80.0,1,Sinhala,60.0,2,Yes (Dialect closer),,,,,,,,,,,,,,,,,,,,,,,,,Male' ⟷ Addu,80.0,Balhu ~ Balha
SW100-019,Swadesh 100,Body Sensations & Activities,drink,Buin,Buin ~ Boa ey,5,0.8333,16.67,,,,,,,,,,,,,Buin ~ Bònavā,5,0.8333,16.67,Buin ~ Kuṭikkuka,7,0.7778,22.22,Buin ~ Śariba,5,0.8333,16.67,Addu,16.67,5,Malayalam,22.22,7,No (Foreign closer),,,,,,,,,,,,,,,,,,,,,,,,,Male' ⟷ Addu,16.67,Buin ~ Boa ey
SW100-020,Swadesh 100,Descriptives,dry,Hiki,Hiki ~ Hiki,0,0.0,100.0,,,,,,,,,,,,,Hiki ~ Viyaḻi,4,0.6667,33.33,Hiki ~ Uṇaṅṅiya,7,0.875,12.5,,,,,Addu,100.0,0,Sinhala,33.33,4,Yes (Dialect closer),,,,,,,,,,,,,,,,,,,,,,,,,Male' ⟷ Addu,100.0,Hiki ~ Hiki
SW100-021,Swadesh 100,Body Parts & Substances,ear,Kanfai,Kanfai ~ Kanfah,1,0.1667,83.33,Kanfai ~ Kanahathaa,6,0.6,40.0,,,,,,,,,Kanfai ~ Kana,2,0.3333,66.67,Kanfai ~ Cèvi,5,0.8333,16.67,,,,,Addu,83.33,1,Sinhala,66.67,2,Yes (Dialect closer),Kanfah ~ Kanahathaa,5,0.5,50.0,,,,,,,,,,,,,,,,,,,,,Male' ⟷ Addu,83.33,Kanfai ~ Kanfah
SW100-022,Swadesh 100,Natural Objects & Phenomena,earth,Dhuniye,Dhuniye ~ Dhuniye,0,0.0,100.0,Dhuniye ~ Dhuniyea,1,0.125,87.5,,,,,,,,,Dhuniye ~ Pòḻòva,7,1.0,0.0,Dhuniye ~ Bhūmi,5,0.7143,28.57,Dhuniye ~ Ard̈a,7,1.0,0.0,Addu,100.0,0,Malayalam,28.57,5,Yes (Dialect closer),Dhuniye ~ Dhuniyea,1,0.125,87.5,,,,,,,,,,,,,,,,,,,,,Male' ⟷ Addu,100.0,Dhuniye ~ Dhuniye
SW100-023,Swadesh 100,Body Sensations & Activities,eat,Keun,Keun ~ Keun,0,0.0,100.0,,,,,,,,,,,,,Keun ~ Kanavā,5,0.8333,16.67,Keun ~ Kal̤ikkuka,8,0.8,20.0,Keun ~ Akala,4,0.8,20.0,Addu,100.0,0,Malayalam/Arabic,20.0,8,Yes (Dialect closer),,,,,,,,,,,,,,,,,,,,,,,,,Male' ⟷ Addu,100.0,Keun ~ Keun
SW100-024,Swadesh 100,Body Parts & Substances,egg,Bis,Bis ~ Bis,0,0.0,100.0,Bis ~ Bihe,2,0.5,50.0,,,,,,,,,Bis ~ Bittaraya,7,0.7778,22.22,Bis ~ Muṭṭa,5,1.0,0.0,Bis ~ Baid̈aha,6,0.75,25.0,Addu,100.0,0,Arabic,25.0,6,Yes (Dialect closer),Bis ~ Bihe,2,0.5,50.0,,,,,,,,,,,,,,,,,,,,,Male' ⟷ Addu,100.0,Bis ~ Bis
SW100-025,Swadesh 100,Body Parts & Substances,eye,Loa,Loa ~ Loa,0,0.0,100.0,Loa ~ Lola,1,0.25,75.0,,,,,,,,,Loa ~ Sa,2,0.6667,33.33,,,,,Loa ~ Äaina,5,0.8333,16.67,Addu,100.0,0,Sinhala,33.33,2,Yes (Dialect closer),Loa ~ Lola,1,0.25,75.0,,,,,,,,,,,,,,,,,,,,,Male' ⟷ Addu,100.0,Loa ~ Loa
SW100-026,Swadesh 100,Body Parts & Substances,fat (grease),Sarubee,Sarubee ~ Sarabi,3,0.4286,57.14,,,,,,,,,,,,,Sarubee ~ Meda,7,1.0,0.0,Sarubee ~ Kòl̤upp,7,1.0,0.0,Sarubee ~ Duhna,6,0.8571,14.29,Addu,57.14,3,Arabic,14.29,6,Yes (Dialect closer),,,,,,,,,,,,,,,,,,,,,,,,,Male' ⟷ Addu,57.14,Sarubee ~ Sarabi
SW100-027,Swadesh 100,Body Parts & Substances,feather,Dhoonifai,Dhoonifai ~ Dheeni Fah,4,0.4,60.0,,,,,,,,,,,,,Dhoonifai ~ Pihāṭu,9,1.0,0.0,Dhoonifai ~ Tūval,8,0.8889,11.11,Dhoonifai ~ Rīśaha,8,0.8889,11.11,Addu,60.0,4,Malayalam/Arabic,11.11,8,Yes (Dialect closer),,,,,,,,,,,,,,,,,,,,,,,,,Male' ⟷ Addu,60.0,Dhoonifai ~ Dheeni Fah
SW100-028,Swadesh 100,Natural Objects & Phenomena,fire,Alifaan,Alifaan ~ Alifaan,0,0.0,100.0,Alifaan ~ Alifaane,1,0.125,87.5,,,,,,,,,Alifaan ~ Gini,6,0.8571,14.29,,,,,Alifaan ~ Nāra,6,0.8571,14.29,Addu,100.0,0,Sinhala/Arabic,14.29,6,Yes (Dialect closer),Alifaan ~ Alifaane,1,0.125,87.5,,,,,,,,,,,,,,,,,,,,,Male' ⟷ Addu,100.0,Alifaan ~ Alifaan
SW100-029,Swadesh 100,Animals,fish,Mas,Mas ~ Mas,0,0.0,100.0,Mas ~ Mahe,2,0.5,50.0,,,,,,,,,Mas ~ Māḻuvā,5,0.8333,16.67,Mas ~ Matsyaṃ,4,0.5714,42.86,,,,,Addu,100.0,0,Malayalam,42.86,4,Yes (Dialect closer),Mas ~ Mahe,2,0.5,50.0,,,,,,,,,,,,,,,,,,,,,Male' ⟷ Addu,100.0,Mas ~ Mas
SW100-030,Swadesh 100,Position & Movement,fly,Udhuhun,Udhuhun ~ Udhuhun,0,0.0,100.0,,,,,,,,,,,,,Udhuhun ~ Piyanavā,8,1.0,0.0,Udhuhun ~ Paṟakkuka,8,0.8889,11.11,Udhuhun ~ T̈aāra,7,1.0,0.0,Addu,100.0,0,Malayalam,11.11,8,Yes (Dialect closer),,,,,,,,,,,,,,,,,,,,,,,,,Male' ⟷ Addu,100.0,Udhuhun ~ Udhuhun
SW100-031,Swadesh 100,Body Parts & Substances,foot,Faithila,Faithila ~ Faa,5,0.625,37.5,,,,,,,,,,,,,Faithila ~ Kakula,5,0.625,37.5,Faithila ~ Kālaṭi,7,0.875,12.5,Faithila ~ Qadama,6,0.75,25.0,Addu,37.5,5,Sinhala,37.5,5,Equal,,,,,,,,,,,,,,,,,,,,,,,,,Male' ⟷ Addu,37.5,Faithila ~ Faa
SW100-032,Swadesh 100,Quantitatives,full,Furifai,Furifai ~ Furifei,1,0.1429,85.71,,,,,,,,,,,,,Furifai ~ Pura,4,0.5714,42.86,Furifai ~ Niṟañña,7,1.0,0.0,Furifai ~ Mumtaliˀya,8,0.8,20.0,Addu,85.71,1,Sinhala,42.86,4,Yes (Dialect closer),,,,,,,,,,,,,,,,,,,,,,,,,Male' ⟷ Addu,85.71,Furifai ~ Furifei
SW100-033,Swadesh 100,Position & Movement,give,Dhinun,Dhinun ~ Dhinun,0,0.0,100.0,,,,,,,,,,,,,Dhinun ~ Dènavā,5,0.8333,16.67,Dhinun ~ Nalkuka,6,0.8571,14.29,Dhinun ~ Aä​ẗaā,8,1.0,0.0,Addu,100.0,0,Sinhala,16.67,5,Yes (Dialect closer),,,,,,,,,,,,,,,,,,,,,,,,,Male' ⟷ Addu,100.0,Dhinun ~ Dhinun
SW100-034,Swadesh 100,Descriptives,good,Rangalhu,Rangalhu ~ Rangalha,1,0.125,87.5,Rangalhu ~ Ragalhe,2,0.25,75.0,,,,,,,,,Rangalhu ~ Hò,7,0.875,12.5,Rangalhu ~ Nalla,5,0.625,37.5,Rangalhu ~ T̈aayyiba,8,0.8889,11.11,Addu,87.5,1,Malayalam,37.5,5,Yes (Dialect closer),Rangalha ~ Ragalhe,2,0.25,75.0,,,,,,,,,,,,,,,,,,,,,Male' ⟷ Addu,87.5,Rangalhu ~ Rangalha
SW100-035,Swadesh 100,Colors,green,Fehi,Fehi ~ Fehi,0,0.0,100.0,Fehi ~ Fehi,0,0.0,100.0,,,,,,,,,Fehi ~ Kòḻa,4,1.0,0.0,Fehi ~ Pacca,5,1.0,0.0,,,,,Addu/Huvadhu,100.0,0,Sinhala/Malayalam,0.0,4,Yes (Dialect closer),Fehi ~ Fehi,0,0.0,100.0,,,,,,,,,,,,,,,,,,,,,Male' ⟷ Addu / Male' ⟷ Huvadhu / Addu ⟷ Huvadhu,100.0,Fehi ~ Fehi / Fehi ~ Fehi / Fehi ~ Fehi
SW100-036,Swadesh 100,Body Parts & Substances,hair,Isthashi,Isthashi ~ Issashi,2,0.25,75.0,Isthashi ~ Isthataa,3,0.375,62.5,,,,,,,,,Isthashi ~ Kès,7,0.875,12.5,Isthashi ~ Muṭi,7,0.875,12.5,,,,,Addu,75.0,2,Sinhala/Malayalam,12.5,7,Yes (Dialect closer),Issashi ~ Isthataa,5,0.625,37.5,,,,,,,,,,,,,,,,,,,,,Male' ⟷ Addu,75.0,Isthashi ~ Issashi
SW100-037,Swadesh 100,Body Parts & Substances,hand,Ai,Ai ~ Ah,1,0.5,50.0,Ai ~ Athaa,4,0.8,20.0,,,,,,,,,Ai ~ Ata,2,0.6667,33.33,Ai ~ Kai,1,0.3333,66.67,Ai ~ Yada,3,0.75,25.0,Addu,50.0,1,Malayalam,66.67,1,No (Foreign closer),Ah ~ Athaa,3,0.6,40.0,,,,,,,,,,,,,,,,,,,,,Male' ⟷ Addu,50.0,Ai ~ Ah
SW100-038,Swadesh 100,Body Parts & Substances,head,Boa,Boa ~ Boa,0,0.0,100.0,Boa ~ Bolaa,2,0.4,60.0,,,,,,,,,Boa ~ Isa,2,0.6667,33.33,Boa ~ Tala,3,0.75,25.0,Boa ~ Raˀasa,5,0.8333,16.67,Addu,100.0,0,Sinhala,33.33,2,Yes (Dialect closer),Boa ~ Bolaa,2,0.4,60.0,,,,,,,,,,,,,,,,,,,,,Male' ⟷ Addu,100.0,Boa ~ Boa
SW100-039,Swadesh 100,Body Sensations & Activities,hear,Ivun,Ivun ~ Ivun,0,0.0,100.0,,,,,,,,,,,,,Ivun ~ Hènavā,6,1.0,0.0,Ivun ~ Kekkuka,6,0.8571,14.29,Ivun ~ Samiä,6,1.0,0.0,Addu,100.0,0,Malayalam,14.29,6,Yes (Dialect closer),,,,,,,,,,,,,,,,,,,,,,,,,Male' ⟷ Addu,100.0,Ivun ~ Ivun
SW100-040,Swadesh 100,Body Parts & Substances,heart,Hih,Hih ~ Hih,0,0.0,100.0,Hih ~ Hithaa,3,0.5,50.0,,,,,,,,,Hih ~ Hita,2,0.5,50.0,Hih ~ Hṛdayaṃ,6,0.8571,14.29,,,,,Addu,100.0,0,Sinhala,50.0,2,Yes (Dialect closer),Hih ~ Hithaa,3,0.5,50.0,,,,,,,,,,,,,,,,,,,,,Male' ⟷ Addu,100.0,Hih ~ Hih
SW100-041,Swadesh 100,Body Parts & Substances,horn,Dhalhu,Dhalhu ~ Dalha,2,0.3333,66.67,Dhalhu ~ Dhalhe,1,0.1667,83.33,,,,,,,,,Dhalhu ~ A,5,0.8333,16.67,Dhalhu ~ Kòmp,6,1.0,0.0,Dhalhu ~ Qarna,5,0.8333,16.67,Huvadhu,83.33,1,Sinhala/Arabic,16.67,5,Yes (Dialect closer),Dalha ~ Dhalhe,2,0.3333,66.67,,,,,,,,,,,,,,,,,,,,,Male' ⟷ Huvadhu,83.33,Dhalhu ~ Dhalhe
SW100-042,Swadesh 100,Personal Pronouns,I,Aharen/Ma/Alhugandu,Ma ~ Ma,0,0.0,100.0,Aharen ~ Aike,4,0.6667,33.33,,,,,,,,,Ma ~ Maṃ,1,0.3333,66.67,Aharen ~ Ñān,5,0.8333,16.67,Alhugandu ~ Anā,7,0.7778,22.22,Addu,100.0,0,Sinhala,66.67,1,Yes (Dialect closer),Ava ~ Aike,3,0.75,25.0,,,,,,,,,,,,,,,,,,,,,Male' ⟷ Addu,100.0,Ma ~ Ma
SW100-043,Swadesh 100,Miscellaneous,kill,Merun,Merun ~ Merun,0,0.0,100.0,Merun ~ Maran,2,0.4,60.0,,,,,,,,,Merun ~ Maranavā,5,0.625,37.5,Merun ~ Kòlluka,6,0.8571,14.29,Merun ~ Qatala,6,1.0,0.0,Addu,100.0,0,Sinhala,37.5,5,Yes (Dialect closer),Merun ~ Maran,2,0.4,60.0,,,,,,,,,,,,,,,,,,,,,Male' ⟷ Addu,100.0,Merun ~ Merun
SW100-044,Swadesh 100,Body Parts & Substances,knee,Kakoo,Kakoo ~ Kakoo,0,0.0,100.0,Kakoo ~ Kakelaa,4,0.5714,42.86,,,,,,,,,Kakoo ~ Dana hisa,8,0.8889,11.11,Kakoo ~ Muṭṭ,5,1.0,0.0,Kakoo ~ Rukbaha,6,0.8571,14.29,Addu,100.0,0,Arabic,14.29,6,Yes (Dialect closer),Kakoo ~ Kakelaa,4,0.5714,42.86,,,,,,,,,,,,,,,,,,,,,Male' ⟷ Addu,100.0,Kakoo ~ Kakoo
SW100-045,Swadesh 100,Body Sensations & Activities,know,Engun,Engun ~ Engun,0,0.0,100.0,,,,,,,,,,,,,Engun ~ Dannavā,6,0.8571,14.29,Engun ~ Aṟiyuka,6,0.8571,14.29,Engun ~ Ärafa,6,1.0,0.0,Addu,100.0,0,Sinhala/Malayalam,14.29,6,Yes (Dialect closer),,,,,,,,,,,,,,,,,,,,,,,,,Male' ⟷ Addu,100.0,Engun ~ Engun
SW100-046,Swadesh 100,Plants & Plant Parts,leaf,Fai,Fai ~ Fah,1,0.3333,66.67,Fai ~ Fathe,3,0.6,40.0,,,,,,,,,Fai ~ Kòḻe,4,1.0,0.0,Fai ~ Ila,3,1.0,0.0,Fai ~ V̈araqaha,8,0.8889,11.11,Addu,66.67,1,Arabic,11.11,8,Yes (Dialect closer),Fah ~ Fathe,2,0.4,60.0,,,,,,,,,,,,,,,,,,,,,Male' ⟷ Addu,66.67,Fai ~ Fah
SW100-047,Swadesh 100,Position & Movement,lie,Oshoathun,Oshoathun ~ Veshiothun,4,0.4,60.0,Oshoathun ~ Vottiothun,5,0.5,50.0,,,,,,,,,Oshoathun ~ Vatirènavā,10,1.0,0.0,Oshoathun ~ Kiṭakkuka,8,0.8889,11.11,Oshoathun ~ Raqada,8,0.8889,11.11,Addu,60.0,4,Malayalam/Arabic,11.11,8,Yes (Dialect closer),Veshiothun ~ Vottiothun,3,0.3,70.0,,,,,,,,,,,,,,,,,,,,,Addu ⟷ Huvadhu,70.0,Veshiothun ~ Vottiothun
SW100-048,Swadesh 100,Body Parts & Substances,liver,Meygandu,Meygandu ~ Meiganda,2,0.25,75.0,Meygandu ~ Meiganda,2,0.25,75.0,,,,,,,,,Meygandu ~ Akmāva,8,1.0,0.0,Meygandu ~ Kara,7,0.875,12.5,Meygandu ~ Kabida,7,0.875,12.5,Addu/Huvadhu,75.0,2,Malayalam/Arabic,12.5,7,Yes (Dialect closer),Meiganda ~ Meiganda,0,0.0,100.0,,,,,,,,,,,,,,,,,,,,,Addu ⟷ Huvadhu,100.0,Meiganda ~ Meiganda
SW100-049,Swadesh 100,Size,long,Dhigu,Dhigu ~ Dhigi,1,0.2,80.0,Dhigu ~ Dhige,1,0.2,80.0,,,,,,,,,Dhigu ~ Diga,2,0.4,60.0,Dhigu ~ Nīḻamuḻḻa,8,0.8889,11.11,Dhigu ~ T̈aav̈īla,9,1.0,0.0,Addu/Huvadhu,80.0,1,Sinhala,60.0,2,Yes (Dialect closer),Dhigi ~ Dhige,1,0.2,80.0,,,,,,,,,,,,,,,,,,,,,Male' ⟷ Addu / Male' ⟷ Huvadhu / Addu ⟷ Huvadhu,80.0,Dhigu ~ Dhigi / Dhigu ~ Dhige / Dhigi ~ Dhige
SW100-050,Swadesh 100,Animals,louse,Ukunu,Ukunu ~ Ukunu,0,0.0,100.0,Ukunu ~ Ukuna,1,0.2,80.0,,,,,,,,,Ukunu ~ Ukuṇā,2,0.4,60.0,Ukunu ~ Pen,4,0.8,20.0,Ukunu ~ Qamla,5,1.0,0.0,Addu,100.0,0,Sinhala,60.0,2,Yes (Dialect closer),Ukunu ~ Ukuna,1,0.2,80.0,,,,,,,,,,,,,,,,,,,,,Male' ⟷ Addu,100.0,Ukunu ~ Ukunu
SW100-051,Swadesh 100,Persons,man,Meehaa,Meehaa ~ Meehaa,0,0.0,100.0,Meehaa ~ Meehaa,0,0.0,100.0,,,,,,,,,Meehaa ~ Pirimiyā,8,1.0,0.0,Meehaa ~ Puruṣan,6,0.8571,14.29,Meehaa ~ Rajula,5,0.8333,16.67,Addu/Huvadhu,100.0,0,Arabic,16.67,5,Yes (Dialect closer),Meehaa ~ Meehaa,0,0.0,100.0,,,,,,,,,,,,,,,,,,,,,Male' ⟷ Addu / Male' ⟷ Huvadhu / Addu ⟷ Huvadhu,100.0,Meehaa ~ Meehaa / Meehaa ~ Meehaa / Meehaa ~ Meehaa
SW100-052,Swadesh 100,Quantitatives,many,Baivaru,Baivaru ~ Furei,7,1.0,0.0,Baivaru ~ Baivare,1,0.1429,85.71,,,,,,,,,Baivaru ~ Gòḍak,6,0.8571,14.29,Baivaru ~ Pala,5,0.7143,28.57,Baivaru ~ Katḧīra,6,0.75,25.0,Huvadhu,85.71,1,Malayalam,28.57,5,Yes (Dialect closer),Furei ~ Baivare,6,0.8571,14.29,,,,,,,,,,,,,,,,,,,,,Male' ⟷ Huvadhu,85.71,Baivaru ~ Baivare
SW100-053,Swadesh 100,Body Parts & Substances,meat (flesh),Mas,Mas ~ Mas,0,0.0,100.0,Mas ~ Mahe,2,0.5,50.0,,,,,,,,,Mas ~ Mas,0,0.0,100.0,Mas ~ Māṃsaṃ,4,0.6667,33.33,Mas ~ Laḧma,5,0.8333,16.67,Addu,100.0,0,Sinhala,100.0,0,Equal,Mas ~ Mahe,2,0.5,50.0,,,,,,,,,,,,,,,,,,,,,Male' ⟷ Addu,100.0,Mas ~ Mas
SW100-054,Swadesh 100,Natural Objects & Phenomena,moon,Handhu,Handhu ~ Handha,1,0.1667,83.33,Handhu ~ Hadha,2,0.3333,66.67,,,,,,,,,Handhu ~ Ha,4,0.6667,33.33,,,,,Handhu ~ Qamara,5,0.8333,16.67,Addu,83.33,1,Sinhala,33.33,4,Yes (Dialect closer),Handha ~ Hadha,1,0.1667,83.33,,,,,,,,,,,,,,,,,,,,,Male' ⟷ Addu / Addu ⟷ Huvadhu,83.33,Handhu ~ Handha / Handha ~ Hadha
SW100-055,Swadesh 100,Natural Objects & Phenomena,mountain,Farubadha,Farubadha ~ Farabadha,1,0.1111,88.89,Farubadha ~ Farebadha,1,0.1111,88.89,,,,,,,,,Farubadha ~ Kanda,6,0.6667,33.33,Farubadha ~ Parvvataṃ,6,0.6667,33.33,Farubadha ~ Jabala,5,0.5556,44.44,Addu/Huvadhu,88.89,1,Arabic,44.44,5,Yes (Dialect closer),Farabadha ~ Farebadha,1,0.1111,88.89,,,,,,,,,,,,,,,,,,,,,Male' ⟷ Addu / Male' ⟷ Huvadhu / Addu ⟷ Huvadhu,88.89,Farubadha ~ Farabadha / Farubadha ~ Farebadha / Farabadha ~ Farebadha
SW100-056,Swadesh 100,Body Parts & Substances,mouth,Anga,Anga ~ Anga,0,0.0,100.0,Anga ~ Aga,1,0.25,75.0,,,,,,,,,Anga ~ Kaṭa,3,0.75,25.0,Anga ~ Vāya,3,0.75,25.0,Anga ~ Fama,3,0.75,25.0,Addu,100.0,0,Sinhala/Malayalam/Arabic,25.0,3,Yes (Dialect closer),Anga ~ Aga,1,0.25,75.0,,,,,,,,,,,,,,,,,,,,,Male' ⟷ Addu,100.0,Anga ~ Anga
SW100-057,Swadesh 100,Miscellaneous,name,Nan,,,,,Nan ~ Name,2,0.5,50.0,,,,,,,,,Nan ~ Nama,2,0.5,50.0,Nan ~ Nāmaṃ,3,0.6,40.0,Nan ~ Aisma,5,1.0,0.0,Huvadhu,50.0,2,Sinhala,50.0,2,Equal,,,,,,,,,,,,,,,,,,,,,,,,,Male' ⟷ Huvadhu,50.0,Nan ~ Name
SW100-058,Swadesh 100,Body Parts & Substances,neck,Karu,,,,,Karu ~ Karaa,2,0.4,60.0,,,,,,,,,Karu ~ Bèlla,5,1.0,0.0,Karu ~ Kal̤utt,4,0.5714,42.86,Karu ~ Raqabaha,7,0.875,12.5,Huvadhu,60.0,2,Malayalam,42.86,4,Yes (Dialect closer),,,,,,,,,,,,,,,,,,,,,,,,,Male' ⟷ Huvadhu,60.0,Karu ~ Karaa
SW100-059,Swadesh 100,Descriptives,new,Aa/Au,,,,,Aa ~ Ale,2,0.6667,33.33,,,,,,,,,Au ~ Alut,2,0.5,50.0,Aa ~ Putiya,5,0.8333,16.67,,,,,Huvadhu,33.33,2,Sinhala,50.0,2,No (Foreign closer),,,,,,,,,,,,,,,,,,,,,,,,,Male' ⟷ Huvadhu,33.33,Aa ~ Ale
SW100-060,Swadesh 100,Time Periods,night,Reygandu,,,,,Reygandu ~ Reygadaa,3,0.375,62.5,,,,,,,,,Reygandu ~ Ra,6,0.75,25.0,Reygandu ~ Rātri,7,0.875,12.5,Reygandu ~ Laila,7,0.875,12.5,Huvadhu,62.5,3,Sinhala,25.0,6,Yes (Dialect closer),,,,,,,,,,,,,,,,,,,,,,,,,Male' ⟷ Huvadhu,62.5,Reygandu ~ Reygadaa
SW100-061,Swadesh 100,Body Parts & Substances,nose,Neyfai,,,,,Neyfai ~ Neyfathaa,4,0.4444,55.56,,,,,,,,,Neyfai ~ Nahaya,5,0.8333,16.67,Neyfai ~ Mūkk,6,1.0,0.0,Neyfai ~ Anfa,4,0.6667,33.33,Huvadhu,55.56,4,Arabic,33.33,4,Yes (Dialect closer),,,,,,,,,,,,,,,,,,,,,,,,,Male' ⟷ Huvadhu,55.56,Neyfai ~ Neyfathaa
SW100-062,Swadesh 100,Miscellaneous,not,Noon,,,,,,,,,,,,,,,,,Noon ~ Naha,3,0.75,25.0,Noon ~ Alla,4,1.0,0.0,,,,,,,,Sinhala,25.0,3,,,,,,,,,,,,,,,,,,,,,,,,,,,,
SW100-063,Swadesh 100,Numerals,one,Ekeh,,,,,Ekeh ~ Eken,1,0.25,75.0,,,,,,,,,Ekeh ~ Èka,3,0.75,25.0,Ekeh ~ Ònn,4,1.0,0.0,,,,,Huvadhu,75.0,1,Sinhala,25.0,3,Yes (Dialect closer),,,,,,,,,,,,,,,,,,,,,,,,,Male' ⟷ Huvadhu,75.0,Ekeh ~ Eken
SW100-064,Swadesh 100,Persons,person (human being),Meehaa,,,,,Meehaa ~ Meeheke,3,0.4286,57.14,,,,,,,,,Meehaa ~ Minihā,5,0.8333,16.67,,,,,Meehaa ~ Insāna,5,0.8333,16.67,Huvadhu,57.14,3,Sinhala/Arabic,16.67,5,Yes (Dialect closer),,,,,,,,,,,,,,,,,,,,,,,,,Male' ⟷ Huvadhu,57.14,Meehaa ~ Meeheke
SW100-065,Swadesh 100,Natural Objects & Phenomena,rain,Vaarey,,,,,,,,,,,,,,,,,Vaarey ~ Vassa,4,0.6667,33.33,Vaarey ~ Varṣaṃ,4,0.6667,33.33,Vaarey ~ Maẗaara,6,0.75,25.0,,,,Sinhala/Malayalam,33.33,4,,,,,,,,,,,,,,,,,,,,,,,,,,,,
SW100-066,Swadesh 100,Colors,red,Rai,,,,,,,,,,,,,,,,,Rai ~ Ratu,2,0.5,50.0,,,,,,,,,,,,Sinhala,50.0,2,,,,,,,,,,,,,,,,,,,,,,,,,,,,
SW100-067,Swadesh 100,Miscellaneous,road (path),Magu,,,,,,,,,,,,,,,,,Magu ~ Ma,2,0.5,50.0,Magu ~ Val̤i,4,0.8,20.0,Magu ~ T̈aarīqa,7,0.875,12.5,,,,Sinhala,50.0,2,,,,,,,,,,,,,,,,,,,,,,,,,,,,
SW100-068,Swadesh 100,Plants & Plant Parts,root,Moo,,,,,Moo ~ Mule,3,0.75,25.0,,,,,,,,,Moo ~ Mula,3,0.75,25.0,Moo ~ Ver,3,1.0,0.0,,,,,Huvadhu,25.0,3,Sinhala,25.0,3,Equal,,,,,,,,,,,,,,,,,,,,,,,,,Male' ⟷ Huvadhu,25.0,Moo ~ Mule
SW100-069,Swadesh 100,Descriptives,round,Vah,,,,,Vah ~ Vate,2,0.5,50.0,,,,,,,,,Vah ~ Vaṭaya,4,0.6667,33.33,Vah ~ Vaṭṭaṃ,4,0.6667,33.33,Vah ~ Mustadīra,8,0.8889,11.11,Huvadhu,50.0,2,Sinhala/Malayalam,33.33,4,Yes (Dialect closer),,,,,,,,,,,,,,,,,,,,,,,,,Male' ⟷ Huvadhu,50.0,Vah ~ Vate
SW100-070,Swadesh 100,Natural Objects & Phenomena,sand,Veli,,,,,,,,,,,,,,,,,Veli ~ Vali,1,0.25,75.0,Veli ~ Maṇṇ,4,1.0,0.0,Veli ~ Ramla,4,0.8,20.0,,,,Sinhala,75.0,1,,,,,,,,,,,,,,,,,,,,,,,,,,,,
SW100-071,Swadesh 100,Oral Activities,say,Bunun,,,,,Bunun ~ Bona,3,0.6,40.0,,,,,,,,,Bunun ~ Kiyanavā,7,0.875,12.5,Bunun ~ Paṟayuka,7,0.875,12.5,Bunun ~ Qāla,5,1.0,0.0,Huvadhu,40.0,3,Sinhala/Malayalam,12.5,7,Yes (Dialect closer),,,,,,,,,,,,,,,,,,,,,,,,,Male' ⟷ Huvadhu,40.0,Bunun ~ Bona
SW100-072,Swadesh 100,Body Sensations & Activities,see,Belun,,,,,,,,,,,,,,,,,Belun ~ Dakinavā,7,0.875,12.5,Belun ~ Kāṇuka,5,0.8333,16.67,Belun ~ Raā,5,1.0,0.0,,,,Malayalam,16.67,5,,,,,,,,,,,,,,,,,,,,,,,,,,,,
SW100-073,Swadesh 100,Plants & Plant Parts,seed,Oh,,,,,Oh ~ Ote,2,0.6667,33.33,,,,,,,,,Oh ~ Bīja,4,1.0,0.0,Oh ~ Vitt,4,1.0,0.0,,,,,Huvadhu,33.33,2,Sinhala/Malayalam,0.0,4,Yes (Dialect closer),,,,,,,,,,,,,,,,,,,,,,,,,Male' ⟷ Huvadhu,33.33,Oh ~ Ote
SW100-074,Swadesh 100,Position & Movement,sit,Isheenun,,,,,,,,,,,,,,,,,Isheenun ~ Igannavā,7,0.875,12.5,Isheenun ~ Irikkuka,7,0.875,12.5,Isheenun ~ Jalasa,8,1.0,0.0,,,,Sinhala/Malayalam,12.5,7,,,,,,,,,,,,,,,,,,,,,,,,,,,,
SW100-075,Swadesh 100,Body Parts & Substances,skin,Han,,,,,Han ~ Hame,2,0.5,50.0,,,,,,,,,Han ~ Ham,1,0.3333,66.67,Han ~ Tòli,4,1.0,0.0,Han ~ Jilda,5,1.0,0.0,Huvadhu,50.0,2,Sinhala,66.67,1,No (Foreign closer),,,,,,,,,,,,,,,,,,,,,,,,,Male' ⟷ Huvadhu,50.0,Han ~ Hame
SW100-076,Swadesh 100,Body Sensations & Activities,sleep,Nidhun,,,,,,,,,,,,,,,,,Nidhun ~ Nidāgannavā,7,0.6364,36.36,Nidhun ~ Uṟaṅṅuka,7,0.875,12.5,Nidhun ~ Nāma,5,0.8333,16.67,,,,Sinhala,36.36,7,,,,,,,,,,,,,,,,,,,,,,,,,,,,
SW100-077,Swadesh 100,Size,small,Kuda,,,,,Kuda ~ Kudhe,2,0.4,60.0,,,,,,,,,Kuda ~ Kuḍā,2,0.5,50.0,Kuda ~ Cèṟiya,5,0.8333,16.67,Kuda ~ S̈aġīra,6,0.8571,14.29,Huvadhu,60.0,2,Sinhala,50.0,2,Yes (Dialect closer),,,,,,,,,,,,,,,,,,,,,,,,,Male' ⟷ Huvadhu,60.0,Kuda ~ Kudhe
SW100-078,Swadesh 100,Natural Objects & Phenomena,smoke,Dhun,,,,,Dhun ~ Dhume,2,0.4,60.0,,,,,,,,,Dhun ~ Duma,3,0.75,25.0,Dhun ~ Puka,4,1.0,0.0,,,,,Huvadhu,60.0,2,Sinhala,25.0,3,Yes (Dialect closer),,,,,,,,,,,,,,,,,,,,,,,,,Male' ⟷ Huvadhu,60.0,Dhun ~ Dhume
SW100-079,Swadesh 100,Position & Movement,stand,Kolhahurun,,,,,Kolhahurun ~ Kodanhuttun,5,0.4545,54.55,,,,,,,,,Kolhahurun ~ Hiṭagannavā,10,0.9091,9.09,Kolhahurun ~ Nilkkuka,8,0.8,20.0,Kolhahurun ~ V̈aqafa,9,0.9,10.0,Huvadhu,54.55,5,Malayalam,20.0,8,Yes (Dialect closer),,,,,,,,,,,,,,,,,,,,,,,,,Male' ⟷ Huvadhu,54.55,Kolhahurun ~ Kodanhuttun
SW100-080,Swadesh 100,Natural Objects & Phenomena,star,Thari,,,,,Thari ~ Tharraa,3,0.4286,57.14,,,,,,,,,Thari ~ Taru,2,0.4,60.0,Thari ~ Nakṣatraṃ,7,0.7778,22.22,,,,,Huvadhu,57.14,3,Sinhala,60.0,2,No (Foreign closer),,,,,,,,,,,,,,,,,,,,,,,,,Male' ⟷ Huvadhu,57.14,Thari ~ Tharraa
SW100-081,Swadesh 100,Natural Objects & Phenomena,stone,Gaa,,,,,Gaa ~ Gale,2,0.5,50.0,,,,,,,,,Gaa ~ Gala,1,0.25,75.0,Gaa ~ Kall,3,0.75,25.0,Gaa ~ Ḧajara,5,0.7143,28.57,Huvadhu,50.0,2,Sinhala,75.0,1,No (Foreign closer),,,,,,,,,,,,,,,,,,,,,,,,,Male' ⟷ Huvadhu,50.0,Gaa ~ Gale
SW100-082,Swadesh 100,Natural Objects & Phenomena,sun,Iru,,,,,Iru ~ Ire,1,0.3333,66.67,,,,,,,,,Iru ~ Iru,0,0.0,100.0,,,,,Iru ~ Śamsa,5,1.0,0.0,Huvadhu,66.67,1,Sinhala,100.0,0,No (Foreign closer),,,,,,,,,,,,,,,,,,,,,,,,,Male' ⟷ Huvadhu,66.67,Iru ~ Ire
SW100-083,Swadesh 100,Position & Movement,swim,Fethun,,,,,,,,,,,,,,,,,Fethun ~ Pīnanavā,8,1.0,0.0,Fethun ~ Nīntuka,6,0.8571,14.29,,,,,,,,Malayalam,14.29,6,,,,,,,,,,,,,,,,,,,,,,,,,,,,
SW100-084,Swadesh 100,Body Parts & Substances,tail,Nagoo/Nigoo,,,,,Nagoo ~ Nagilaa,4,0.5714,42.86,,,,,,,,,Nagoo ~ Valigaya,6,0.75,25.0,Nagoo ~ Vāl,5,1.0,0.0,Nagoo ~ Dḧanaba,7,0.875,12.5,Huvadhu,42.86,4,Sinhala,25.0,6,Yes (Dialect closer),,,,,,,,,,,,,,,,,,,,,,,,,Male' ⟷ Huvadhu,42.86,Nagoo ~ Nagilaa
SW100-085,Swadesh 100,Location & Deixis,that,E,,,,,,,,,,,,,,,,,E ~ E,0,0.0,100.0,E ~ At,2,1.0,0.0,,,,,,,,Sinhala,100.0,0,,,,,,,,,,,,,,,,,,,,,,,,,,,,
SW100-086,Swadesh 100,Location & Deixis,this,Mi,,,,,Mi ~ Mi,0,0.0,100.0,,,,,,,,,Mi ~ Me,1,0.5,50.0,Mi ~ It,2,1.0,0.0,,,,,Huvadhu,100.0,0,Sinhala,50.0,1,Yes (Dialect closer),,,,,,,,,,,,,,,,,,,,,,,,,Male' ⟷ Huvadhu,100.0,Mi ~ Mi
SW100-087,Swadesh 100,Personal Pronouns,thou,Kaley/Kalaa/Thibeyfulhaa,,,,,Thibeyfulhaa ~ Thoa,9,0.75,25.0,,,,,,,,,Kaley ~ Òhe,4,0.8,20.0,Kaley ~ Nī,5,1.0,0.0,,,,,Huvadhu,25.0,9,Sinhala,20.0,4,Yes (Dialect closer),,,,,,,,,,,,,,,,,,,,,,,,,Male' ⟷ Huvadhu,25.0,Thibeyfulhaa ~ Thoa
SW100-088,Swadesh 100,Body Parts & Substances,tongue,Dhoo,,,,,Dhoo ~ Dheythella,8,0.8,20.0,,,,,,,,,Dhoo ~ Diva,3,0.75,25.0,Dhoo ~ Nākk,4,1.0,0.0,Dhoo ~ Lisāna,6,1.0,0.0,Huvadhu,20.0,8,Sinhala,25.0,3,No (Foreign closer),,,,,,,,,,,,,,,,,,,,,,,,,Male' ⟷ Huvadhu,20.0,Dhoo ~ Dheythella
SW100-089,Swadesh 100,Body Parts & Substances,tooth,Dhai,,,,,Dhai ~ Dhathe,3,0.5,50.0,,,,,,,,,Dhai ~ Data,3,0.75,25.0,Dhai ~ Pall,4,1.0,0.0,Dhai ~ Sinna,5,1.0,0.0,Huvadhu,50.0,3,Sinhala,25.0,3,Yes (Dialect closer),,,,,,,,,,,,,,,,,,,,,,,,,Male' ⟷ Huvadhu,50.0,Dhai ~ Dhathe
SW100-090,Swadesh 100,Plants & Plant Parts,tree,Gas,,,,,Gas ~ Gahe,2,0.5,50.0,,,,,,,,,Gas ~ Gasa,1,0.25,75.0,Gas ~ Maraṃ,4,0.8,20.0,Gas ~ Śajaraha,7,0.875,12.5,Huvadhu,50.0,2,Sinhala,75.0,1,No (Foreign closer),,,,,,,,,,,,,,,,,,,,,,,,,Male' ⟷ Huvadhu,50.0,Gas ~ Gahe
SW100-091,Swadesh 100,Numerals,two,Dheh,,,,,Dheh ~ Dheyn,2,0.4,60.0,,,,,,,,,Dheh ~ Dèka,3,0.75,25.0,Dheh ~ Raṇṭ,4,1.0,0.0,,,,,Huvadhu,60.0,2,Sinhala,25.0,3,Yes (Dialect closer),,,,,,,,,,,,,,,,,,,,,,,,,Male' ⟷ Huvadhu,60.0,Dheh ~ Dheyn
SW100-092,Swadesh 100,Position & Movement,walk,Hingun,,,,,Hingun ~ Higun,1,0.1667,83.33,,,,,,,,,,,,,,,,,,,,,Huvadhu,83.33,1,,,,,,,,,,,,,,,,,,,,,,,,,,,,,Male' ⟷ Huvadhu,83.33,Hingun ~ Higun
SW100-093,Swadesh 100,Descriptives,warm (hot),Hoonu,,,,,Hoonu ~ Hoone,1,0.2,80.0,,,,,,,,,Hoonu ~ Uṇusum,5,0.8333,16.67,Hoonu ~ Cūṭ,5,1.0,0.0,Hoonu ~ Dāfiˀya,7,1.0,0.0,Huvadhu,80.0,1,Sinhala,16.67,5,Yes (Dialect closer),,,,,,,,,,,,,,,,,,,,,,,,,Male' ⟷ Huvadhu,80.0,Hoonu ~ Hoone
SW100-094,Swadesh 100,Natural Objects & Phenomena,water,Fen,,,,,Fen ~ Fene,1,0.25,75.0,,,,,,,,,Fen ~ Vatura,6,1.0,0.0,,,,,Fen ~ Māʔ,3,1.0,0.0,Huvadhu,75.0,1,Sinhala/Arabic,0.0,6,Yes (Dialect closer),,,,,,,,,,,,,,,,,,,,,,,,,Male' ⟷ Huvadhu,75.0,Fen ~ Fene
SW100-095,Swadesh 100,Personal Pronouns,we,Aharemen/Alugandumen,,,,,Aharemen ~ Ahane,4,0.5,50.0,,,,,,,,,Aharemen ~ Api,7,0.875,12.5,Aharemen ~ Namma,6,0.75,25.0,Alugandumen ~ Naḧnu,9,0.8182,18.18,Huvadhu,50.0,4,Malayalam,25.0,6,Yes (Dialect closer),,,,,,,,,,,,,,,,,,,,,,,,,Male' ⟷ Huvadhu,50.0,Aharemen ~ Ahane
SW100-096,Swadesh 100,Interrogatives,what,Konechche/Koache,,,,,Konechche ~ Keyntheke,6,0.6667,33.33,,,,,,,,,Konechche ~ Mònavā,8,0.8889,11.11,Konechche ~ Ènt,8,0.8889,11.11,,,,,Huvadhu,33.33,6,Sinhala/Malayalam,11.11,8,Yes (Dialect closer),,,,,,,,,,,,,,,,,,,,,,,,,Male' ⟷ Huvadhu,33.33,Konechche ~ Keyntheke
SW100-097,Swadesh 100,Colors,white,Hudhu,,,,,Hudhu ~ Hudhe,1,0.2,80.0,,,,,,,,,Hudhu ~ Sudu,2,0.4,60.0,Hudhu ~ Vèḻḻa,5,1.0,0.0,,,,,Huvadhu,80.0,1,Sinhala,60.0,2,Yes (Dialect closer),,,,,,,,,,,,,,,,,,,,,,,,,Male' ⟷ Huvadhu,80.0,Hudhu ~ Hudhe
SW100-098,Swadesh 100,Interrogatives,who,Kaaku,,,,,Kaaku ~ Kiyaka,3,0.5,50.0,,,,,,,,,Kaaku ~ Kavuru,3,0.5,50.0,Kaaku ~ Ār,5,1.0,0.0,Kaaku ~ Man,4,0.8,20.0,Huvadhu,50.0,3,Sinhala,50.0,3,Equal,,,,,,,,,,,,,,,,,,,,,,,,,Male' ⟷ Huvadhu,50.0,Kaaku ~ Kiyaka
SW100-099,Swadesh 100,Persons,woman,Anhen meehaa,,,,,Anhen meehaa ~ Anhene meehaa,1,0.0769,92.31,,,,,,,,,,,,,,,,,,,,,Huvadhu,92.31,1,,,,,,,,,,,,,,,,,,,,,,,,,,,,,Male' ⟷ Huvadhu,92.31,Anhen meehaa ~ Anhene meehaa
SW100-100,Swadesh 100,Colors,yellow,Reendhoo,,,,,Reendhoo ~ Reedhale,4,0.5,50.0,,,,,,,,,Reendhoo ~ Kaha,7,0.875,12.5,Reendhoo ~ Mañña,8,1.0,0.0,,,,,Huvadhu,50.0,4,Sinhala,12.5,7,Yes (Dialect closer),,,,,,,,,,,,,,,,,,,,,,,,,Male' ⟷ Huvadhu,50.0,Reendhoo ~ Reedhale
